Cell ID;coverage
0;0.504
1;0.0
2;0.984
3;0.032
4;0.12
5;0.08
6;0.176
7;0.48
8;0.792
9;0.44
10;0.44
11;0.664
12;0.44
13;0.48
14;0.0
15;0.0
16;0.408
17;0.736
18;0.0
19;0.968
20;0.0
21;0.0
22;0.848
23;0.48
24;0.608
25;0.168
26;0.248
27;0.84
28;0.8
29;0.008
30;0.432
31;0.984
32;0.448
33;0.712
34;0.688
35;0.616
36;0.68
37;0.44
38;0.752
39;0.808
40;0.976
41;0.976
42;0.976
43;0.784
44;0.744
45;0.68
46;0.424
47;0.912
48;0.832
49;0.936
50;0.504
51;0.776
52;0.96
53;0.936
54;0.664
55;0.976
56;0.984
57;0.768
58;0.744
59;0.896
60;0.96
61;0.936
62;0.832
63;0.8
64;0.984
65;0.688
66;0.872
67;0.792
68;0.0
69;0.008
70;0.992
71;0.0
72;0.016
73;0.672
74;0.768
75;0.464
76;0.432
77;0.936
78;0.12
79;0.416
80;0.728
81;0.992
82;0.488
83;0.744
84;0.872
85;0.0
86;0.552
87;0.0
88;0.576
89;0.168
90;0.08
91;0.152
92;0.592
93;0.8
94;0.752
95;0.128
96;0.6
97;0.424
98;0.496
99;0.512
100;0.504
101;0.712
102;0.616
103;0.576
104;0.72
105;0.496
106;0.68
107;0.992
108;0.848
109;0.816
110;0.792
111;0.976
112;0.848
113;0.848
114;0.72
115;0.848
116;0.504
117;0.504
118;0.576
119;0.472
120;0.976
121;0.488
122;0.856
123;0.568
124;0.84
125;0.952
126;0.832
127;0.496
128;0.952
129;0.792
130;0.92
131;0.496
132;0.824
133;0.696
134;0.672
135;0.968
136;0.968
137;0.984
138;0.992
139;0.984
140;0.44
141;0.528
142;0.944
143;0.824
144;0.728
145;0.424
146;0.968
147;0.824
148;0.728
149;0.912
150;0.832
151;0.88
152;0.864
153;0.744
154;0.976
155;0.984
156;0.952
157;0.8
158;0.792
159;0.832
160;0.432
161;0.824
162;0.8
163;0.832
164;0.728
165;0.696
166;0.808
167;0.456
168;0.728
169;0.984
170;0.696
171;0.432
172;0.032
173;0.056
174;0.184
175;0.704
176;0.0
177;0.944
178;0.04
179;0.0
180;0.512
181;0.416
182;0.0
183;0.08
184;0.408
185;0.0
186;0.408
187;0.76
188;0.064
189;0.648
190;0.416
191;0.416
192;0.0
193;0.0
194;0.696
195;0.408
196;0.056
197;0.672
198;0.496
199;0.016
200;0.968
201;0.816
202;0.92
203;0.456
204;0.808
205;0.0
206;0.8
207;0.728
208;0.8
209;0.952
210;0.496
211;0.632
212;0.608
213;0.944
214;0.664
215;0.496
216;0.824
217;0.704
218;0.728
219;0.816
220;0.76
221;0.704
222;0.976
223;0.432
224;0.52
225;0.576
226;0.888
227;0.896
228;0.56
229;0.416
230;0.984
231;0.576
232;0.496
233;0.832
234;0.576
235;0.584
236;0.464
237;0.52
238;0.56
239;0.776
240;0.48
241;0.576
242;0.504
243;0.512
244;0.848
245;0.496
246;0.488
247;0.192
248;0.408
249;0.032
250;0.0
251;0.824
252;0.696
253;0.4
254;0.48
255;0.0
256;0.488
257;0.512
258;0.416
259;0.096
260;0.704
261;0.712
262;0.0
263;0.032
264;0.912
265;0.664
266;0.992
267;0.984
268;0.48
269;0.032
270;0.008
271;0.56
272;0.464
273;0.576
274;0.56
275;0.488
276;0.952
277;0.48
278;0.8
279;0.968
280;0.456
281;0.576
282;0.752
283;0.776
284;0.776
285;0.832
286;0.904
287;0.752
288;1.0
289;0.744
290;0.832
291;0.832
292;0.432
293;0.664
294;0.712
295;0.784
296;0.608
297;0.712
298;0.968
299;0.944
300;0.432
301;0.672
302;0.976
303;0.96
304;0.72
305;0.968
306;0.488
307;0.456
308;0.84
309;0.896
310;0.488
311;0.504
312;0.472
313;0.504
314;0.832
315;0.808
316;0.832
317;0.416
318;0.952
319;0.928
320;0.416
321;0.432
322;0.816
323;0.912
324;0.696
325;0.784
326;0.808
327;0.864
328;0.688
329;0.648
330;0.896
331;0.944
332;0.888
333;0.856
334;0.608
335;0.56
336;0.688
337;0.512
338;0.976
339;0.936
340;0.512
341;0.48
342;0.624
343;0.472
344;0.864
345;0.928
346;0.936
347;0.936
348;0.48
349;0.512
350;0.784
351;0.84
352;0.488
353;0.44
354;0.76
355;0.544
356;0.48
357;0.584
358;0.504
359;0.632
360;0.736
361;0.76
362;0.792
363;0.776
364;0.776
365;0.952
366;0.816
367;0.84
368;0.712
369;0.96
370;0.568
371;0.512
372;0.808
373;0.848
374;0.464
375;0.624
376;0.872
377;0.952
378;0.48
379;0.464
380;0.984
381;0.888
382;0.92
383;0.84
384;0.832
385;0.808
386;0.768
387;0.736
388;0.688
389;0.464
390;0.544
391;0.64
392;0.624
393;0.6
394;0.776
395;0.768
396;0.736
397;0.768
398;0.752
399;0.92
400;0.768
401;0.808
402;0.8
403;0.92
404;0.52
405;0.464
406;0.448
407;0.496
408;0.464
409;0.624
410;0.928
411;0.928
412;0.6
413;0.576
414;0.92
415;0.92
416;0.84
417;0.856
418;0.432
419;0.736
420;0.912
421;0.816
422;0.984
423;0.784
424;0.832
425;0.728
426;0.424
427;0.44
428;0.744
429;0.688
430;0.704
431;0.68
432;0.968
433;0.928
434;0.432
435;0.44
436;0.432
437;0.472
438;0.16
439;0.456
440;0.424
441;0.464
442;0.936
443;0.976
444;0.968
445;0.856
446;0.952
447;0.928
448;0.472
449;0.464
450;0.84
451;0.984
452;0.496
453;0.528
454;0.472
455;0.6
456;0.496
457;0.488
458;0.8
459;0.84
460;0.808
461;0.736
462;0.864
463;0.84
464;0.424
465;0.424
466;0.808
467;0.752
468;0.744
469;0.816
470;0.72
471;0.808
472;0.736
473;0.584
474;0.864
475;0.768
476;0.664
477;0.552
478;0.576
479;0.656
480;0.56
481;0.552
482;0.576
483;0.552
484;0.856
485;0.904
486;0.96
487;0.944
488;0.488
489;0.456
490;0.504
491;0.464
492;0.896
493;0.84
494;0.696
495;0.912
496;0.72
497;0.808
498;0.912
499;0.672
500;0.576
501;0.744
502;0.76
503;0.88
504;0.848
505;0.376
506;0.328
507;0.664
508;0.68
509;0.68
510;0.448
511;0.44
512;0.432
513;0.464
514;0.936
515;0.816
516;0.792
517;0.864
518;0.976
519;0.92
520;0.456
521;0.856
522;0.536
523;0.584
524;0.504
525;0.6
526;0.488
527;0.48
528;0.848
529;0.472
530;0.872
531;0.792
532;0.648
533;0.888
534;0.896
535;0.88
536;0.832
537;0.808
538;0.776
539;0.728
540;0.824
541;0.688
542;0.928
543;0.688
544;0.776
545;0.656
546;0.576
547;0.56
548;0.568
549;0.904
550;0.8
551;0.92
552;0.552
553;0.56
554;0.488
555;0.448
556;0.472
557;0.752
558;0.672
559;0.696
560;0.688
561;0.776
562;0.808
563;0.68
564;0.92
565;0.68
566;0.72
567;0.368
568;0.712
569;0.448
570;0.448
571;0.472
572;0.464
573;0.472
574;0.416
575;0.472
576;0.48
577;0.464
578;0.464
579;0.472
580;0.464
581;0.472
582;0.448
583;0.456
584;0.464
585;0.464
586;0.864
587;0.928
588;0.936
589;0.928
590;0.928
591;0.96
592;0.944
593;0.888
594;0.488
595;0.456
596;0.488
597;0.784
598;0.904
599;0.904
600;0.912
601;0.784
602;0.432
603;0.84
604;0.952
605;0.848
606;0.872
607;0.784
608;0.68
609;0.896
610;0.528
611;0.888
612;0.664
613;0.752
614;0.584
615;0.68
616;0.56
617;0.552
618;0.576
619;0.552
620;0.864
621;0.824
622;0.464
623;0.464
624;0.472
625;0.456
626;0.472
627;0.48
628;0.696
629;0.744
630;0.904
631;0.864
632;0.688
633;0.68
634;0.696
635;0.728
636;0.936
637;0.432
638;0.928
639;0.928
640;0.928
641;0.872
642;0.904
643;0.936
644;0.864
645;0.856
646;0.936
647;0.888
648;0.872
649;0.928
650;0.84
651;0.864
652;0.816
653;0.832
654;0.864
655;0.888
656;0.896
657;0.936
658;0.92
659;0.944
660;0.928
661;0.92
662;0.936
663;0.832
664;0.992
665;0.92
666;0.856
667;0.64
668;0.584
669;0.56
670;0.568
671;0.552
672;0.992
673;0.928
674;0.456
675;0.456
676;0.488
677;0.496
678;0.664
679;0.688
680;0.688
681;0.68
682;0.696
683;0.68
684;0.648
685;0.672
686;0.664
687;0.664
688;0.6
689;0.64
690;0.632
691;0.688
692;0.688
693;0.704
694;0.696
695;0.68
696;0.696
697;0.712
698;0.64
699;0.688
700;0.68
701;0.712
702;0.672
703;0.68
704;0.688
705;0.728
706;0.936
707;0.928
708;0.664
709;0.72
710;0.584
711;0.576
712;0.568
713;0.552
714;0.472
715;0.464
716;0.472
717;0.504
718;0.504
719;0.448
720;0.664
721;0.864
722;0.6
723;0.416
724;0.664
725;0.664
726;0.952
727;0.936
728;0.888
729;0.928
730;0.904
731;0.904
732;0.776
733;0.904
734;0.888
735;0.936
736;0.912
737;0.944
738;0.896
739;0.896
740;0.76
741;0.744
742;0.64
743;0.648
744;0.696
745;0.6
746;0.584
747;0.592
748;0.672
749;0.544
750;0.512
751;0.52
752;0.672
753;0.84
754;0.864
755;0.92
756;0.584
757;0.512
758;0.56
759;0.4
760;0.64
761;0.632
762;0.84
763;0.928
764;0.944
765;0.864
766;0.456
767;0.4
768;0.84
769;0.792
770;0.808
771;0.76
772;0.472
773;0.432
774;0.776
775;0.728
776;0.768
777;0.816
778;0.616
779;0.656
780;0.656
781;0.608
782;0.832
783;0.768
784;0.952
785;0.632
786;0.976
787;0.976
788;0.536
789;0.6
790;0.72
791;0.6
792;0.76
793;0.8
794;0.816
795;0.872
796;0.744
797;0.728
798;0.416
799;0.448
800;0.44
801;0.464
802;0.44
803;0.472
804;0.456
805;0.448
806;0.456
807;0.464
808;0.84
809;0.92
810;0.728
811;0.784
812;0.864
813;0.896
814;0.848
815;0.8
816;0.68
817;0.72
818;0.848
819;0.856
820;0.864
821;0.856
822;0.904
823;0.904
824;0.496
825;0.544
826;0.704
827;0.672
828;0.832
829;0.792
830;0.88
831;0.944
832;0.4
833;0.432
834;0.952
835;0.832
836;0.896
837;0.888
838;0.616
839;0.52
840;0.576
841;0.76
842;0.376
843;0.584
844;0.944
845;0.864
846;0.84
847;0.744
848;0.36
849;0.288
850;0.408
851;0.36
852;0.608
853;0.04
854;0.808
855;0.776
856;0.792
857;0.848
858;0.64
859;0.664
860;0.512
861;0.496
862;0.712
863;0.696
864;0.848
865;0.88
866;0.8
867;0.792
868;0.808
869;0.784
870;0.664
871;0.768
872;0.8
873;0.776
874;0.6
875;0.672
876;0.704
877;0.744
878;0.728
879;0.736
880;0.696
881;0.752
882;0.344
883;0.6
884;0.704
885;0.864
886;0.856
887;0.84
888;0.576
889;0.568
890;0.856
891;0.824
892;0.528
893;0.496
894;0.568
895;0.552
896;0.912
897;0.872
898;0.76
899;0.84
900;0.664
901;0.64
902;0.76
903;0.824
904;0.656
905;0.64
906;0.984
907;0.928
908;0.92
909;0.832
910;0.776
911;0.72
912;0.456
913;0.448
914;0.84
915;0.744
916;0.448
917;0.128
918;0.784
919;0.784
920;0.624
921;0.704
922;0.688
923;0.664
924;0.672
925;0.592
926;0.712
927;0.2
928;0.776
929;0.88
930;0.728
931;0.736
932;0.736
933;0.76
934;0.496
935;0.488
936;0.584
937;0.6
938;0.88
939;0.768
940;0.768
941;0.72
942;0.632
943;0.608
944;0.928
945;0.936
946;0.424
947;0.584
948;0.6
949;0.536
950;0.784
951;0.776
952;0.728
953;0.68
954;0.696
955;0.776
956;0.728
957;0.648
958;0.848
959;0.768
960;0.6
961;0.616
962;0.928
963;0.584
964;0.816
965;0.72
966;0.8
967;0.664
968;0.624
969;0.568
970;0.656
971;0.616
972;0.576
973;0.52
974;0.704
975;0.64
976;0.648
977;0.808
978;0.808
979;0.912
980;0.944
981;0.112
982;0.496
983;0.84
984;0.8
985;0.68
986;0.832
987;0.728
988;0.784
989;0.392
990;0.296
991;0.792
992;0.672
993;0.608
994;0.608
995;0.656
996;0.808
997;0.64
998;0.696
999;0.752
1000;0.768
1001;0.856
1002;0.912
1003;0.76
1004;0.4
1005;0.848
1006;0.896
1007;0.528
1008;0.368
1009;0.888
1010;0.848
1011;0.848
1012;0.848
1013;0.584
1014;0.528
1015;0.496
1016;0.464
1017;0.624
1018;0.624
1019;0.752
1020;0.784
1021;0.872
1022;0.592
1023;0.592
1024;0.4
1025;0.64
1026;0.664
1027;0.616
1028;0.6
1029;0.68
1030;0.752
1031;0.408
1032;0.488
1033;0.792
1034;0.592
1035;0.856
1036;0.824
1037;0.92
1038;0.712
1039;0.512
1040;0.424
1041;0.56
1042;0.248
1043;0.624
1044;0.672
1045;0.584
1046;0.696
1047;0.632
1048;0.648
1049;0.728
1050;0.816
1051;0.368
1052;0.44
1053;0.568
1054;0.704
1055;0.568
1056;0.384
1057;0.736
1058;0.784
1059;0.504
1060;0.592
1061;0.304
1062;0.496
1063;0.376
1064;0.608
1065;0.44
1066;0.536
1067;0.512
1068;0.696
1069;0.488
1070;0.216
1071;0.808
1072;0.816
1073;0.632
1074;0.36
1075;0.624
1076;0.656
1077;0.712
1078;0.4
1079;0.608
1080;0.456
1081;0.384
1082;0.48
1083;0.408
1084;0.36
1085;0.408
1086;0.48
1087;0.584
1088;0.224
1089;0.552
1090;0.408
1091;0.792
1092;0.744
1093;0.864
1094;0.912
1095;0.464
1096;0.304
1097;0.44
1098;0.568
1099;0.864
1100;0.856
1101;0.488
1102;0.496
1103;0.592
1104;0.52
1105;0.44
1106;0.512
1107;0.552
1108;0.488
1109;0.568
1110;0.376
1111;0.696
1112;0.664
1113;0.648
1114;0.728
1115;0.608
1116;0.624
1117;0.76
1118;0.48
1119;0.944
1120;0.864
1121;0.728
1122;0.64
1123;0.576
1124;0.752
1125;0.168
1126;0.136
1127;0.648
1128;0.768
1129;0.664
1130;0.64
1131;0.8
1132;0.656
1133;0.472
1134;0.24
1135;0.776
1136;0.864
1137;0.64
1138;0.712
1139;0.76
1140;0.776
1141;0.584
1142;0.608
1143;0.768
1144;0.704
1145;0.808
1146;0.64
1147;0.696
1148;0.672
1149;0.248
1150;0.04
1151;0.816
1152;0.872
1153;0.888
1154;0.816
1155;0.592
1156;0.832
1157;0.76
1158;0.744
1159;0.784
1160;0.904
1161;0.784
1162;0.848
1163;0.896
1164;0.872
1165;0.832
1166;0.848
1167;0.784
1168;0.792
1169;0.856
1170;0.848
1171;0.768
1172;0.696
1173;0.84
1174;0.76
1175;0.656
1176;0.536
1177;0.76
1178;0.8
1179;0.688
1180;0.768
1181;0.72
1182;0.472
1183;0.672
1184;0.664
1185;0.696
1186;0.832
1187;0.872
1188;0.832
1189;0.248
1190;0.64
1191;0.64
1192;0.68
1193;0.88
1194;0.808
1195;0.344
1196;0.464
1197;0.688
1198;0.6
1199;0.712
1200;0.8
1201;0.672
1202;0.56
1203;0.552
1204;0.528
1205;0.736
1206;0.736
1207;0.632
1208;0.56
1209;0.52
1210;0.72
1211;0.84
1212;0.864
1213;0.528
1214;0.36
1215;0.488
1216;0.672
1217;0.128
1218;0.08
1219;0.0
1220;0.0
1221;0.008
1222;0.0
1223;0.008
1224;0.016
1225;0.0
1226;0.0
1227;0.104
1228;0.088
1229;0.104
1230;0.112
1231;0.048
1232;0.0
1233;0.0
1234;0.0
1235;0.0
1236;0.008
1237;0.016
1238;0.0
1239;0.184
1240;0.464
1241;0.0
1242;0.0
1243;0.44
1244;0.496
1245;0.16
1246;0.496
1247;0.208
1248;0.128
1249;0.456
1250;0.472
1251;0.112
1252;0.16
1253;0.664
1254;0.744
1255;0.624
1256;0.64
1257;0.744
1258;0.672
1259;0.64
1260;0.672
1261;0.432
1262;0.184
1263;0.104
1264;0.128
1265;0.08
1266;0.12
1267;0.0
1268;0.0
1269;0.0
1270;0.0
1271;0.416
1272;0.0
1273;0.0
1274;0.0
1275;0.0
1276;0.0
1277;0.0
1278;0.0
1279;0.0
1280;0.008
1281;0.168
1282;0.216
1283;0.08
1284;0.12
1285;0.416
1286;0.224
1287;0.0
1288;0.0
1289;0.0
1290;0.016
1291;0.448
1292;0.0
1293;0.064
1294;0.048
1295;0.192
1296;0.4
1297;0.0
1298;0.0
1299;0.008
1300;0.008
1301;0.56
1302;0.456
1303;0.0
1304;0.0
1305;0.064
1306;0.056
1307;0.008
1308;0.04
1309;0.12
1310;0.328
1311;0.208
1312;0.232
1313;0.112
1314;0.112
1315;0.112
1316;0.112
1317;0.12
1318;0.152
1319;0.136
1320;0.112
1321;0.12
1322;0.12
1323;0.12
1324;0.088
1325;0.112
1326;0.12
1327;0.104
1328;0.112
1329;0.088
1330;0.424
1331;0.096
1332;0.408
1333;0.08
1334;0.344
1335;0.136
1336;0.112
1337;0.576
1338;0.152
1339;0.152
1340;0.128
1341;0.152
1342;0.152
1343;0.08
1344;0.088
1345;0.072
1346;0.056
1347;0.504
1348;0.216
1349;0.056
1350;0.048
1351;0.0
1352;0.0
1353;0.056
1354;0.064
1355;0.392
1356;0.4
1357;0.0
1358;0.0
1359;0.0
1360;0.0
1361;0.0
1362;0.0
1363;0.0
1364;0.0
1365;0.0
1366;0.0
1367;0.0
1368;0.0
1369;0.0
1370;0.0
1371;0.0
1372;0.0
1373;0.0
1374;0.0
1375;0.064
1376;0.0
1377;0.064
1378;0.072
1379;0.0
1380;0.0
1381;0.712
1382;0.568
1383;0.336
1384;0.544
1385;0.48
1386;0.408
1387;0.6
1388;0.648
1389;0.792
1390;0.656
1391;0.544
1392;0.496
1393;0.36
1394;0.28
1395;0.416
1396;0.44
1397;0.08
1398;0.32
1399;0.432
1400;0.768
1401;0.648
1402;0.584
1403;0.6
1404;0.616
1405;0.624
1406;0.584
1407;0.536
1408;0.688
1409;0.416
1410;0.704
1411;0.32
1412;0.504
1413;0.496
1414;0.016
1415;0.416
1416;0.416
1417;0.28
1418;0.464
1419;0.664
1420;0.56
1421;0.304
1422;0.528
1423;0.216
1424;0.424
1425;0.784
1426;0.672
1427;0.472
1428;0.072
1429;0.408
1430;0.432
1431;0.136
1432;0.52
1433;0.592
1434;0.112
1435;0.536
1436;0.576
1437;0.208
1438;0.384
1439;0.456
1440;0.44
1441;0.336
1442;0.296
1443;0.36
1444;0.216
1445;0.368
1446;0.08
1447;0.152
1448;0.416
1449;0.184
1450;0.144
1451;0.016
1452;0.008
1453;0.504
1454;0.0
1455;0.448
1456;0.496
1457;0.432
1458;0.008
1459;0.0
1460;0.032
1461;0.008
1462;0.024
1463;0.048
1464;0.0
1465;0.0
1466;0.016
1467;0.344
1468;0.0
1469;0.544
1470;0.216
1471;0.424
1472;0.48
1473;0.76
1474;0.68
1475;0.16
1476;0.008
1477;0.136
1478;0.416
1479;0.184
1480;0.336
1481;0.0
1482;0.432
1483;0.008
1484;0.592
1485;0.0
1486;0.0
1487;0.0
1488;0.0
1489;0.112
1490;0.016
1491;0.576
1492;0.592
1493;0.192
1494;0.28
1495;0.44
1496;0.272
1497;0.0
1498;0.0
1499;0.0
1500;0.0
1501;0.0
1502;0.0
1503;0.6
1504;0.0
1505;0.0
1506;0.0
1507;0.0
1508;0.0
1509;0.008
1510;0.008
1511;0.0
1512;0.0
1513;0.4
1514;0.448
1515;0.456
1516;0.384
1517;0.416
1518;0.416
1519;0.496
1520;0.56
1521;0.312
1522;0.016
1523;0.376
1524;0.352
1525;0.264
1526;0.376
1527;0.296
1528;0.376
1529;0.536
1530;0.464
1531;0.328
1532;0.0
1533;0.256
1534;0.04
1535;0.536
1536;0.376
1537;0.632
1538;0.36
1539;0.672
1540;0.48
1541;0.736
1542;0.584
1543;0.12
1544;0.248
1545;0.68
1546;0.584
1547;0.6
1548;0.304
1549;0.376
1550;0.208
1551;0.312
1552;0.28
1553;0.0
1554;0.0
1555;0.008
1556;0.016
1557;0.016
1558;0.0
1559;0.336
1560;0.448
1561;0.232
1562;0.192
1563;0.328
1564;0.2
1565;0.04
1566;0.4
1567;0.344
1568;0.16
1569;0.2
1570;0.512
1571;0.24
1572;0.4
1573;0.008
1574;0.016
1575;0.264
1576;0.312
1577;0.376
1578;0.216
1579;0.4
1580;0.544
1581;0.176
1582;0.184
1583;0.416
1584;0.536
1585;0.496
1586;0.48
1587;0.0
1588;0.04
1589;0.016
1590;0.048
1591;0.544
1592;0.224
1593;0.416
1594;0.448
1595;0.288
1596;0.552
1597;0.216
1598;0.384
1599;0.288
1600;0.256
1601;0.168
1602;0.224
1603;0.128
1604;0.192
1605;0.184
1606;0.304
1607;0.208
1608;0.208
1609;0.464
1610;0.456
1611;0.096
1612;0.32
1613;0.0
1614;0.0
1615;0.0
1616;0.0
1617;0.0
1618;0.0
1619;0.0
1620;0.0
1621;0.064
1622;0.192
1623;0.144
1624;0.4
1625;0.04
1626;0.04
1627;0.512
1628;0.344
1629;0.272
1630;0.248
1631;0.0
1632;0.0
1633;0.096
1634;0.376
1635;0.44
1636;0.12
1637;0.168
1638;0.32
1639;0.216
1640;0.24
1641;0.0
1642;0.008
1643;0.0
1644;0.0
1645;0.344
1646;0.528
1647;0.4
1648;0.136
1649;0.072
1650;0.04
1651;0.376
1652;0.568
1653;0.08
1654;0.032
1655;0.168
1656;0.12
1657;0.024
1658;0.376
1659;0.0
1660;0.176
1661;0.112
1662;0.176
1663;0.128
1664;0.128
1665;0.12
1666;0.208
1667;0.216
1668;0.152
1669;0.008
1670;0.08
1671;0.464
1672;0.008
1673;0.264
1674;0.248
1675;0.296
1676;0.04
1677;0.112
1678;0.344
1679;0.376
1680;0.344
1681;0.032
1682;0.048
1683;0.184
1684;0.128
1685;0.088
1686;0.24
1687;0.0
1688;0.152
1689;0.008
1690;0.016
1691;0.08
1692;0.112
1693;0.064
1694;0.056
1695;0.056
1696;0.0
1697;0.04
1698;0.024
1699;0.056
1700;0.264
1701;0.064
1702;0.104
1703;0.0
1704;0.168
1705;0.024
1706;0.208
1707;0.008
1708;0.0
1709;0.024
1710;0.0
1711;0.024
1712;0.008
1713;0.0
1714;0.008
1715;0.008
1716;0.0
1717;0.32
1718;0.12
1719;0.272
1720;0.008
1721;0.128
1722;0.048
1723;0.144
1724;0.2
1725;0.296
1726;0.184
1727;0.072
1728;0.192
1729;0.168
1730;0.016
1731;0.0
1732;0.0
1733;0.12
1734;0.008
1735;0.24
1736;0.072
1737;0.176
1738;0.192
1739;0.184
1740;0.12
1741;0.0
1742;0.12
1743;0.0
1744;0.0
1745;0.0
1746;0.0
1747;0.104
1748;0.056
1749;0.0
1750;0.0
1751;0.0
1752;0.0
1753;0.0
1754;0.016
1755;0.0
1756;0.0
1757;0.0
1758;0.016
1759;0.0
1760;0.0
1761;0.032
1762;0.032
1763;0.096
1764;0.08
1765;0.152
1766;0.0
1767;0.0
1768;0.04
1769;0.112
1770;0.0
1771;0.008
1772;0.112
1773;0.112
1774;0.024
1775;0.0
1776;0.0
1777;0.032
1778;0.0
1779;0.008
1780;0.0
1781;0.0
1782;0.048
1783;0.0
1784;0.056
1785;0.0
1786;0.0
1787;0.0
1788;0.0
1789;0.0
1790;0.0
1791;0.128
1792;0.048
1793;0.0
1794;0.0
1795;0.0
1796;0.0
1797;0.008
1798;0.024
1799;0.032
1800;0.0
1801;0.008
1802;0.0
1803;0.008
1804;0.056
1805;0.064
1806;0.0
1807;0.0
1808;0.0
1809;0.008
1810;0.0
1811;0.0
1812;0.0
1813;0.04
1814;0.0
1815;0.0
1816;0.008
1817;0.0
1818;0.04
1819;0.0
1820;0.0
1821;0.024
1822;0.0
1823;0.032
1824;0.0
1825;0.04
1826;0.0
1827;0.048
1828;0.0
1829;0.04
1830;0.008
1831;0.0
1832;0.0
1833;0.0
1834;0.0
1835;0.0
1836;0.0
1837;0.0
1838;0.008
1839;0.04
1840;0.016
1841;0.008
1842;0.016
1843;0.12
1844;0.04
1845;0.0
1846;0.016
1847;0.0
1848;0.0
1849;0.0
1850;0.0
1851;0.0
1852;0.0
1853;0.0
1854;0.0
1855;0.0
1856;0.0
1857;0.0
1858;0.0
