Cell ID;error_min
0;0.9502406564237071
1;
2;0.3024295630380624
3;1.0
4;1.0
5;1.0
6;0.9840637986027997
7;0.9549379079309699
8;0.14187228100288757
9;0.722341233964442
10;0.630587468416703
11;0.34446755713408567
12;0.7401780593818713
13;0.15985760012732597
14;
15;
16;0.9503733912605118
17;0.0709680255100792
18;
19;0.39481874269319583
20;
21;
22;0.13242336701044516
23;0.9601492401062169
24;0.10841590699878574
25;0.9841561183095361
26;0.9567470628379465
27;0.06404304941396928
28;0.10952034557258382
29;1.0
30;0.9500424037195082
31;0.3139726135506941
32;0.9503296246084588
33;0.1374279135751958
34;0.11712314640627404
35;0.5618576025468075
36;0.31313417249926384
37;0.9506079051256938
38;0.46667674706120804
39;0.0813010540780115
40;0.23525114338298345
41;0.0731517034251762
42;0.277040633305969
43;0.36643590601083226
44;0.45821465217649726
45;0.2571678240850256
46;0.9505933828263308
47;0.25751830045179996
48;0.11111936577644116
49;0.3619179262413084
50;0.14086318704670983
51;0.28264618014642967
52;0.13973186600461374
53;0.23605630350818346
54;0.11692548161216623
55;0.15872089534536152
56;0.1082249172885019
57;0.42727007469411343
58;0.24750935062217155
59;0.21755001326377543
60;0.11998136969802599
61;0.31045356373118294
62;0.1330439843017943
63;0.10914042717737203
64;0.24201154495909033
65;0.1443040102909417
66;0.07392264929791545
67;0.15041163435714752
68;
69;1.0
70;0.1249240736536501
71;
72;1.0
73;0.14706352947220705
74;0.9502434334734582
75;0.09686103089219993
76;0.21025910871322476
77;0.18424959169796717
78;0.9892049750305364
79;0.40430128347676164
80;0.16629188517386345
81;0.15787241507172003
82;0.2860808139566562
83;0.08806829351643651
84;0.07940707429942725
85;
86;0.1741694416994377
87;
88;0.09295446062935511
89;0.9841477177727165
90;1.0
91;0.9841381473420476
92;0.10154667510153284
93;0.16953993727760966
94;0.19364795212178426
95;0.9892048622433721
96;0.16311110276272456
97;0.9507258542962789
98;0.8526373961150957
99;0.08866980962515009
100;0.1427558619979796
101;0.24717407242647327
102;0.15080098573109846
103;0.15850884914344415
104;0.19964239921136298
105;0.39906559766670224
106;0.22924436814586138
107;0.1297208760241107
108;0.12705591352647155
109;0.15000467907629986
110;0.09503856137087932
111;0.5213057602312089
112;0.06853859137008829
113;0.16583687941985112
114;0.09206388804452234
115;0.12456286218330566
116;0.1012802570472069
117;0.11635382338246486
118;0.11012841855764448
119;0.13466721220375677
120;0.10405533793680759
121;0.14403442446114081
122;0.07604593442226561
123;0.17619136981159925
124;0.1735231048335313
125;0.11698496922752784
126;0.11347084249832477
127;0.0912826090208266
128;0.09066892110459622
129;0.1596249169465776
130;0.19070985732412032
131;0.9500316594296225
132;0.16232599661089317
133;0.1580421238223625
134;0.22076067222981738
135;0.27228077718990634
136;0.12411430360237433
137;0.29915347907085815
138;0.23926083704455342
139;0.198112760315742
140;0.813382810781494
141;0.13220280279533514
142;0.3198960250887153
143;0.2643887404289041
144;0.24435518622650593
145;0.950751740430089
146;0.2564514885203031
147;0.1574551328475319
148;0.3209180503650023
149;0.4158499188894837
150;0.11093992292143265
151;0.13730936681208547
152;0.21287656280005302
153;0.12810202204478952
154;0.24473194253759317
155;0.09042214867241836
156;0.10895273324395982
157;0.14437872045600134
158;0.11760531478211995
159;0.19143922017857243
160;0.9500979303444061
161;0.21049238405402296
162;0.1234075984913125
163;0.19197049385383966
164;0.10678047984569951
165;0.09681086608284509
166;0.9502248481144379
167;0.950597851575414
168;0.11457543140099034
169;0.27507327924980973
170;0.33673103452682823
171;0.8212146936436412
172;1.0
173;1.0
174;0.9604236923111856
175;0.18397710364195521
176;
177;0.3151981959547968
178;1.0
179;
180;0.23519164084498917
181;0.8862077967683186
182;
183;1.0
184;0.9520634558753462
185;
186;0.6561561759836099
187;0.18831701191419578
188;1.0
189;0.1899722922378342
190;0.9588510847817041
191;0.9504897167557831
192;
193;
194;0.14785107772752673
195;0.7802410643846242
196;1.0
197;0.07516061619201572
198;0.20201028243128533
199;1.0
200;0.24330570499715187
201;0.10659490868954959
202;0.3396391811598295
203;0.8983657462018805
204;0.21925728542092113
205;
206;0.10736483791827717
207;0.25044824732957033
208;0.1781033967169605
209;0.1481424595885217
210;0.10063712818895652
211;0.23776670588969076
212;0.15242967106609875
213;0.2721725152250728
214;0.10236184488369647
215;0.4161056745561247
216;0.13734806680983824
217;0.14141584064160517
218;0.10074970177610028
219;0.22433120951795574
220;0.14151604213292635
221;0.28640307174937957
222;0.15195173267109371
223;0.9505010341848966
224;0.14928885643473083
225;0.16454007134939044
226;0.11713363152832826
227;0.07424371759578201
228;0.1671324765961556
229;0.9500658933860533
230;0.06715736100283641
231;0.12716998943996366
232;0.23805474094445517
233;0.14821674010468572
234;0.19149427491558374
235;0.10130813798195992
236;0.15639131300269687
237;0.09038252256254864
238;0.12844409882677008
239;0.1978001994133514
240;0.1770684388987273
241;0.1554759380620604
242;0.18632457422308096
243;0.09954416456178077
244;0.16282076450398017
245;0.11043619809267917
246;0.2276627603268417
247;0.9608056170369581
248;0.9505807891925523
249;1.0
250;
251;0.1283257056974079
252;0.1346724135678255
253;0.9513624057521224
254;0.800018539168248
255;
256;0.08532565910715317
257;0.9503349330810147
258;0.6295658959201854
259;0.9892375338457994
260;0.13056339906182846
261;0.18417744990123142
262;
263;1.0
264;0.10522999181081097
265;0.11643531538159606
266;0.3116724335131294
267;0.9501297605397937
268;0.08068173003224403
269;1.0
270;1.0
271;0.08824694271465568
272;0.23971356736146907
273;0.08416831686279616
274;0.1810569790690842
275;0.9503067866099195
276;0.9501705855928039
277;0.9504817956077702
278;0.08853230040152141
279;0.21526588977651437
280;0.9503055583716679
281;0.16509810123941865
282;0.203510824619374
283;0.3016037045377688
284;0.0897051028456157
285;0.12315280746763962
286;0.30581600745464665
287;0.10941101169051966
288;0.19973574067747377
289;0.13029084922111425
290;0.19523605675449873
291;0.12415101564119879
292;0.9094764151204413
293;0.13863185748489604
294;0.07996790429176621
295;0.18061243101550475
296;0.24431051656326985
297;0.4694238504070084
298;0.2403789369976262
299;0.4395841299958174
300;0.7740073786103373
301;0.2017298762908548
302;0.09614160409593867
303;0.5060387473832523
304;0.069290481041024
305;0.2808981537601679
306;0.9486336976757643
307;0.1662575004875942
308;0.09646182441496765
309;0.16632972231352397
310;0.12607732661426
311;0.5383530043700863
312;0.12281644136202874
313;0.30216351849459216
314;0.10110351199074621
315;0.05967311727023973
316;0.18273761320156243
317;0.5789211997795829
318;0.11692979020198316
319;0.10875016850885963
320;0.9507460909403762
321;0.9501516559444956
322;0.18626351454919696
323;0.2031289931052069
324;0.1387498695041866
325;0.1768282111618577
326;0.10588283321403785
327;0.09334870492985378
328;0.11830757422352459
329;0.1529835725973146
330;0.07789787265016564
331;0.19364329925268697
332;0.3350996016694207
333;0.11042010824472945
334;0.14331385990047393
335;0.15210303333630745
336;0.2683274097922942
337;0.7729251464933657
338;0.19168781457047282
339;0.1043954020985862
340;0.13558245008121642
341;0.5575386548776354
342;0.8554199978876762
343;0.19286627425357702
344;0.5300246247245882
345;0.08596237427014812
346;0.20414006028147588
347;0.24815933026186696
348;0.6492610200302952
349;0.09255149359712289
350;0.23698069176077302
351;0.0708627475865749
352;0.06730230283549532
353;0.9502554076780888
354;0.63352106614068
355;0.049276229087822074
356;0.17495980482764756
357;0.12780285837719002
358;0.20112457563922448
359;0.31269804142348384
360;0.2492806590469354
361;0.4051192815744793
362;0.1538914922505891
363;0.24825184449591195
364;0.17034894277417503
365;0.12211147589499433
366;0.05620424528749378
367;0.09853976955464185
368;0.07518007755198576
369;0.23384868200861167
370;0.10194370544521124
371;0.13856930205912482
372;0.27300743621900925
373;0.16178856583676093
374;0.10619918380094996
375;0.8973984432418002
376;0.26081471508450343
377;0.9287906255801782
378;0.12152662133239149
379;0.12045178565209563
380;0.19879469476918835
381;0.9503914355932832
382;0.20159878516312735
383;0.1241870958209568
384;0.2027633194416823
385;0.10202045916465864
386;0.2535811699732508
387;0.2104742214349596
388;0.5242809698847661
389;0.7420006073133895
390;0.2108297725670063
391;0.2520171502762275
392;0.8311867499114253
393;0.47110049524192166
394;0.22043686280342834
395;0.9502705302966101
396;0.9517802813333525
397;0.9500363864475395
398;0.2789220376199496
399;0.10395604519265149
400;0.41499150121844286
401;0.10250299033723555
402;0.08859114007672861
403;0.318809165255302
404;0.16213942930210307
405;0.6895375639883585
406;0.9503400577443154
407;0.12194677816036079
408;0.950125657253584
409;0.2790584810090276
410;0.30754723320517224
411;0.17208719657738938
412;0.5907656504031231
413;0.18357922924246634
414;0.15874210887371998
415;0.5255434061528645
416;0.13809461833659867
417;0.10425694308667345
418;0.952109003658273
419;0.7089338197476147
420;0.3090788811680884
421;0.08184643753431291
422;0.17176093950978213
423;0.1299194097475257
424;0.1164302595395874
425;0.16058261566908605
426;0.6560872057798324
427;0.950582495460657
428;0.47874520035080753
429;0.34884859018994274
430;0.4107336698146982
431;0.812801870924948
432;0.376826000506258
433;0.5526689433119286
434;0.9500306431383907
435;0.9504621715584918
436;0.8357471539608836
437;0.9503324753546762
438;0.9841180865648411
439;0.4645357402084305
440;0.5918249916247144
441;0.4254183299752719
442;0.7173585651094637
443;0.7259525890664258
444;0.17962865248764462
445;0.5332923389036363
446;0.17242937672766787
447;0.38153716795525516
448;0.9502188859529168
449;0.14391839748706128
450;0.09180795337140132
451;0.14556251736481723
452;0.08595952380780615
453;0.14739233016180986
454;0.13547033221777102
455;0.29879551928661424
456;0.15887739481473143
457;0.1962338998900662
458;0.047961557303277585
459;0.1443375688315697
460;0.23635182316848652
461;0.26253665118338076
462;0.3965079106695431
463;0.36734996331629743
464;0.950195513468051
465;0.8321351871139843
466;0.07498004348338529
467;0.12599545023788106
468;0.07431269164824303
469;0.1485416545744949
470;0.12324178678055264
471;0.14250849485500205
472;0.2144491032576135
473;0.1669087242141859
474;0.08548216615564568
475;0.19091996426633284
476;0.20379014659595518
477;0.13229116799098267
478;0.09711007395765542
479;0.30164678345846907
480;0.15829426027209736
481;0.1678721223998474
482;0.33738250456779967
483;0.14021836913878555
484;0.11167650991459409
485;0.12668504764082247
486;0.1907282892454265
487;0.11820163735632784
488;0.11723067042537608
489;0.2895845040623667
490;0.2552210352089574
491;0.13757840155364173
492;0.30223960357625507
493;0.08940733924309816
494;0.9509720207087466
495;0.950163522855835
496;0.8013092484813074
497;0.1440256629508277
498;0.26198590800067834
499;0.11244480686280574
500;0.20663506992111036
501;0.9511529669624637
502;0.6342296547369751
503;0.2180234779584088
504;0.1125002304834529
505;0.9556594477133458
506;0.9555032370428126
507;0.4263743989038066
508;0.9502777541570077
509;0.9514411637850819
510;0.9503048018782472
511;0.9501952160167484
512;0.9520542653963541
513;0.9502650148801879
514;0.0878841337295643
515;0.2751982130077158
516;0.1698925275301414
517;0.11561890196257671
518;0.2670450858121108
519;0.3307598668524614
520;0.5365659219037995
521;0.07799478003914974
522;0.060053040907539046
523;0.2301945951724002
524;0.09816107648332256
525;0.3894001835670816
526;0.1204294230539822
527;0.08546951038022184
528;0.08590013020074203
529;0.15042141742348392
530;0.2116141990241304
531;0.2474464154337717
532;0.0999483539211116
533;0.23095901749503914
534;0.37406473199194107
535;0.3564464925355776
536;0.32950747423460364
537;0.26779332817744367
538;0.14439726831197724
539;0.14558911142610895
540;0.12157002822007029
541;0.14122307419235464
542;0.10210737303332386
543;0.09659910560205832
544;0.10312413672807931
545;0.13815875390962556
546;0.2991955401014134
547;0.1734949361035374
548;0.13325300876797588
549;0.24373949599778666
550;0.21125929700506071
551;0.07901206039627233
552;0.12741197507545363
553;0.18306894458679465
554;0.10825426605047449
555;0.4818560213292623
556;0.0740018419023758
557;0.5368177410523617
558;0.8223963733770897
559;0.9504244133163587
560;0.38382192668740006
561;0.25804899272010584
562;0.16664703639055703
563;0.951295996272896
564;0.7216897364136005
565;0.4021194596202315
566;0.784409793318027
567;0.9567261163478341
568;0.5415463069370237
569;0.9504638643893715
570;0.9505321903295839
571;0.9501029314258019
572;0.9266526228515042
573;0.950110427621966
574;0.31569980779881807
575;0.9500541892380777
576;0.9501779296178344
577;0.47765376658578895
578;0.9500946288920471
579;0.9501259594306402
580;0.4559340330887026
581;0.9500892572444775
582;0.856390757453263
583;0.3770261187009586
584;0.5754905465446912
585;0.18862382929858423
586;0.9519421907001845
587;0.2903601105536638
588;0.3687198521086291
589;0.3468688985576003
590;0.4211845307876216
591;0.25191691574389646
592;0.07725454367634518
593;0.14253448889523318
594;0.37536170388317264
595;0.14629221855062388
596;0.17012763608820078
597;0.0920612719732308
598;0.3436065532577207
599;0.09656669589925436
600;0.16926943740812994
601;0.1351043551661023
602;0.9513649510858042
603;0.34344611771910266
604;0.9500176479602546
605;0.4035000800858346
606;0.5127555683315211
607;0.09451034394421581
608;0.1136027413738867
609;0.05423021164469198
610;0.16745163887139128
611;0.09969122245853473
612;0.20353820259260422
613;0.11271847860782011
614;0.09881436227678603
615;0.18986738619529006
616;0.19633681709568462
617;0.10722798046127738
618;0.255304591061964
619;0.0743649108012975
620;0.28457455691412614
621;0.23520131212271164
622;0.2913173352721505
623;0.4702440890344152
624;0.20244120747869077
625;0.4921466257012171
626;0.17502704260820096
627;0.1861210028764489
628;0.6679436829233297
629;0.4390209229888755
630;0.23588803601487343
631;0.07683533086519624
632;0.41279747516866044
633;0.6405574162773483
634;0.9504776993591505
635;0.8025949115536211
636;0.41109506752460456
637;0.1705517295621542
638;0.815000759742319
639;0.3334857421425015
640;0.4388793679922694
641;0.22905002230919108
642;0.39139482508503354
643;0.07287813049296803
644;0.46146117588142543
645;0.4092108619297552
646;0.6451782069568068
647;0.0776550197960999
648;0.5037005091841751
649;0.7144765707095034
650;0.3657809619890262
651;0.11352899586506635
652;0.39246643121557623
653;0.9501933471928846
654;0.4376786725237645
655;0.06182268528089276
656;0.4252782657738704
657;0.7634677100893325
658;0.3510554590876512
659;0.8015777500400724
660;0.3228420146777245
661;0.2852039389242962
662;0.3860649498922687
663;0.31026479424450387
664;0.6209477509292819
665;0.1929593252472602
666;0.23203073465993537
667;0.12407123356600315
668;0.29254582424605674
669;0.26418768928954167
670;0.10866520170361214
671;0.18513562981200757
672;0.3445971973378151
673;0.18080245432183825
674;0.5387889123271304
675;0.2410088330895813
676;0.22605258793490232
677;0.09414496669250975
678;0.9508563215283723
679;0.9518855724889985
680;0.9513165725358014
681;0.9516010431936851
682;0.11026151191302841
683;0.8844567805313168
684;0.19455231210627894
685;0.9294612064093886
686;0.47239805336565976
687;0.7424209189495622
688;0.19190652305921088
689;0.9509517025810271
690;0.6173551924400918
691;0.9504035509522867
692;0.950212200412109
693;0.9504997457366852
694;0.9500927446257821
695;0.5979431381338414
696;0.9508017502116582
697;0.33309423062773796
698;0.950566784045953
699;0.9508163222317298
700;0.9508387132154384
701;0.9504164173339548
702;0.9516307560229862
703;0.951658418722248
704;0.9516271575824274
705;0.5783404619003528
706;0.35338381788493306
707;0.444392166525025
708;0.13023690705686394
709;0.11561374030106936
710;0.23747888410056966
711;0.19156047344199567
712;0.2609938503061153
713;0.18754918241463225
714;0.22346716664391197
715;0.37549231978712533
716;0.15736166489307657
717;0.13746260212576072
718;0.06282306573301506
719;0.07548872989159197
720;0.951104835360128
721;0.15602333482420475
722;0.35005761091157084
723;0.9570198435298277
724;0.9514611103575538
725;0.9516407707778363
726;0.08590480518911539
727;0.4698727148252038
728;0.15722847160487144
729;0.39825118805911724
730;0.1479538776457726
731;0.6501445490958239
732;0.1593486925413372
733;0.9501473148310886
734;0.5625522531685776
735;0.4236465259282839
736;0.9501293681219429
737;0.5309812378031687
738;0.9500667989754451
739;0.9500581988374132
740;0.13924405144633453
741;0.06671679739476478
742;0.10944240755825639
743;0.13986044075963663
744;0.222304947374565
745;0.26141502532030464
746;0.27432634538818035
747;0.23368754529612917
748;0.08567127850367691
749;0.24290219965466692
750;0.18597049070433982
751;0.0738609269813838
752;0.951645401321566
753;0.6537445991714526
754;0.30054447904489534
755;0.7845114103307477
756;0.3017352386860888
757;0.07383141995183427
758;0.19982588076575905
759;0.961003757543818
760;0.9525340742629048
761;0.8262392052706493
762;0.9507056833359501
763;0.9500375492229356
764;0.24290266585379275
765;0.3055598858652229
766;0.2853125678571332
767;0.9609948257933769
768;0.950290706589277
769;0.06574974457648322
770;0.0894907947793205
771;0.3340287428618205
772;0.1454873629068514
773;0.9500891756957258
774;0.12255897238298241
775;0.08427743746051038
776;0.12223826268251305
777;0.06536490095786218
778;0.7769078919636846
779;0.2128189723230137
780;0.16829331172903653
781;0.17180576251620727
782;0.2947079896615083
783;0.6592265571239908
784;0.8889577133913126
785;0.951090903669638
786;0.10585552055084436
787;0.08389772151433308
788;0.09862270834927918
789;0.273413900440346
790;0.15747147610164114
791;0.43964043608367137
792;0.04779758207006015
793;0.1113381801544044
794;0.08150158214870867
795;0.08577894320059097
796;0.9502505907284563
797;0.9511518332628551
798;0.9567793743061442
799;0.08086648998706203
800;0.3852388834817354
801;0.1751556766360254
802;0.9502848420242825
803;0.0732826126034905
804;0.39168991177166745
805;0.4979167553103358
806;0.30739184946949366
807;0.18644537220581545
808;0.433761188773597
809;0.5230397592043937
810;0.950905547617233
811;0.9516925995591974
812;0.8991842357616392
813;0.2865109241104487
814;0.5387858213585097
815;0.9500159278997085
816;0.9509784732747708
817;0.9500193566401672
818;0.9504502582129676
819;0.9500849218846209
820;0.08674002620616354
821;0.086316237162478
822;0.30999780666265003
823;0.17699056175252512
824;0.055900100951426786
825;0.1942889152306709
826;0.20655257827198556
827;0.1583787081280079
828;0.2494001484074416
829;0.22734580214281797
830;0.9510071159478344
831;0.845499096070911
832;0.9519766860457559
833;0.9502540864638215
834;0.20760656143685968
835;0.9019420203528632
836;0.9504090883058262
837;0.2953349609921892
838;0.6228051330294546
839;0.13716887062305452
840;0.15047701204359581
841;0.036888858823961375
842;0.9555564347998385
843;0.10092198105779195
844;0.07651654562055511
845;0.06710558713197558
846;0.07058038217822002
847;0.23904234779322783
848;0.9604449246408889
849;0.9575410008384708
850;0.9511566974659232
851;0.9596695259573716
852;0.9560898224298614
853;1.0
854;0.9515017596096287
855;0.060445120253580176
856;0.9429149832473834
857;0.2984583986621707
858;0.11629709877882285
859;0.47700932316991923
860;0.09504527987576775
861;0.04900457081770361
862;0.16340338875017774
863;0.16017855938465073
864;0.9500828891139769
865;0.35126990403450076
866;0.9505332576698078
867;0.9504085116404727
868;0.1017753703515079
869;0.0770292215795419
870;0.14308831181521958
871;0.1757375262759846
872;0.9516215120503618
873;0.8586530745769189
874;0.9504167562649274
875;0.33033011265849016
876;0.6539636654712169
877;0.9339270334018671
878;0.18633674992616325
879;0.475291370057605
880;0.28491544008131875
881;0.12496973466859655
882;0.9645023937071081
883;0.7923492394304016
884;0.5929774344520644
885;0.14863420003561298
886;0.24818870580633534
887;0.08558790371110525
888;0.1120973597520312
889;0.2341925106661974
890;0.1331942706966025
891;0.217871412266282
892;0.15077379114601538
893;0.047396172419226223
894;0.16370029167683017
895;0.14906350835309898
896;0.13375287109722897
897;0.14508197475622794
898;0.6094145217187787
899;0.14012116022494742
900;0.11618041355222336
901;0.6757504150217503
902;0.05029008698288991
903;0.035110378927255874
904;0.16661547530603157
905;0.13575287040693948
906;0.13366634792712223
907;0.5776170975314867
908;0.08411851469969081
909;0.08249108342099971
910;0.3144738078629646
911;0.9510798887281322
912;0.1842947081806866
913;0.08073502769012181
914;0.11523015828758808
915;0.295904453543497
916;0.45708832424772844
917;0.9891740175162497
918;0.9506680319433362
919;0.9519468701131053
920;0.9509837285056939
921;0.9514790015031754
922;0.9513059203445119
923;0.9509089310937326
924;0.9510018007385747
925;0.5403683603620918
926;0.2089205140422024
927;0.9604782098458572
928;0.9509538224344386
929;0.35941058422871813
930;0.1926973905780593
931;0.08787954497737308
932;0.5714885611875867
933;0.3135617885640524
934;0.9549545198429508
935;0.4956764510825486
936;0.14877124155349014
937;0.3637291189579169
938;0.295320515399759
939;0.10875281085014282
940;0.09082600282648552
941;0.16007551331750394
942;0.4676112178429642
943;0.13629732709004802
944;0.3725357560973472
945;0.07149616229853609
946;0.9513465762756569
947;0.2503551382120332
948;0.5642671071000223
949;0.9574683316311953
950;0.43370575943047146
951;0.21292027467496588
952;0.8743804440339628
953;0.9502204087860049
954;0.8249971679522363
955;0.03887806143613121
956;0.8045872702266273
957;0.6692516073510636
958;0.19704880851799822
959;0.12820235887986733
960;0.09924182187877544
961;0.47682717576338196
962;0.733662737185994
963;0.9502646768927581
964;0.050796584104042176
965;0.07343692664766548
966;0.06617301275084096
967;0.6865287430459978
968;0.95089900621379
969;0.8598492987319539
970;0.9520445764192281
971;0.9511664644498345
972;0.9550703726011365
973;0.95047542576432
974;0.9508016760081031
975;0.9519551372603063
976;0.95146846246711
977;0.09543387375342097
978;0.09870019832494004
979;0.4489841763445217
980;0.48617582380738084
981;0.9891432494236105
982;0.2731704954823277
983;0.09324458952116187
984;0.08388406150342281
985;0.9525061164325209
986;0.43829028221662614
987;0.11637803561736722
988;0.09774768199219387
989;0.654937292184819
990;0.9841246475807087
991;0.6736925555861981
992;0.2294060134169412
993;0.9279217973091883
994;0.9581216536839753
995;0.636806179242349
996;0.05868922999993255
997;0.4520627550574164
998;0.09709471355464634
999;0.951841284784869
1000;0.5763729343654238
1001;0.950402244689306
1002;0.09028248332382544
1003;0.14040202795460988
1004;0.9606102343199693
1005;0.9526757401382986
1006;0.5763023292091983
1007;0.12257493096677766
1008;0.9605728501196519
1009;0.106416328215873
1010;0.10060908349059608
1011;0.0941981485105044
1012;0.3497066614836569
1013;0.9513688166147578
1014;0.9541516518501572
1015;0.03781586542579436
1016;0.09219755887387913
1017;0.9517660891827489
1018;0.9501956133540719
1019;0.10436862926154132
1020;0.39211356752742493
1021;0.4897468081311674
1022;0.9500626003615279
1023;0.9503473360753918
1024;0.9537737418755858
1025;0.8428005695955165
1026;0.12622831032565518
1027;0.8525318388247519
1028;0.9507437306520191
1029;0.9534525458910986
1030;0.9527379772913462
1031;0.9574640307514172
1032;0.9576985425271769
1033;0.9533204718024894
1034;0.9520149276283831
1035;0.07617908316664868
1036;0.05666234639394351
1037;0.17917258564195118
1038;0.9500278377069191
1039;0.954871564616156
1040;0.9512871210050734
1041;0.9552815392911423
1042;0.9839569646885642
1043;0.7534019271088839
1044;0.7800397117720367
1045;0.4555690760886579
1046;0.15128603280425465
1047;0.9502597926750853
1048;0.9518124809786511
1049;0.9531252134257144
1050;0.9530219813293154
1051;0.9557092468770491
1052;0.32469290136439766
1053;0.9542074431222481
1054;0.8420849144798636
1055;0.9545319371079721
1056;0.9259479083479761
1057;0.6472895044933905
1058;0.9533587312146856
1059;0.9539437424285113
1060;0.9549652138680587
1061;0.9806630820709499
1062;0.4395049910647046
1063;0.9551487477379595
1064;0.8726387827245594
1065;0.2140301540534508
1066;0.9542660680066039
1067;0.9555680417318411
1068;0.7983223546526751
1069;0.9545840923940859
1070;0.9840018923962737
1071;0.035272847678242195
1072;0.05416309031459472
1073;0.3928742526658513
1074;0.9594457799329946
1075;0.5741191059671804
1076;0.3392245207335513
1077;0.7971793089364335
1078;0.9513987091229847
1079;0.739612514343025
1080;0.9564519850585703
1081;0.9599102623798004
1082;0.9576428587093503
1083;0.9599025643019644
1084;0.9603185641519036
1085;0.30134822579732673
1086;0.08960404081465508
1087;0.9564513165726595
1088;0.9604647479675932
1089;0.36642691588878645
1090;0.9585171692868535
1091;0.18974460174075855
1092;0.19928861420729552
1093;0.9512859359774651
1094;0.9511718475398443
1095;0.7128104102238005
1096;0.9599911321921929
1097;0.950382904892492
1098;0.2645388981638727
1099;0.9518246545081319
1100;0.9516089370617938
1101;0.9559212016801286
1102;0.048330150814326824
1103;0.5293173387916578
1104;0.2738769769501205
1105;0.15745289114073371
1106;0.13243275403426405
1107;0.9553153584742715
1108;0.9546560080489961
1109;0.9551541217452091
1110;0.9549726819051895
1111;0.10336716077123606
1112;0.21455305954940582
1113;0.5270274648109918
1114;0.11559017528566706
1115;0.505940232935662
1116;0.9509385962957608
1117;0.5699426268713862
1118;0.9577293865406772
1119;0.6389197738676811
1120;0.7759986948576967
1121;0.9509394629165053
1122;0.6634302183655832
1123;0.9545379901440221
1124;0.24590090632204947
1125;0.9841585423446144
1126;1.0
1127;0.9527410375386682
1128;0.0683144977457042
1129;0.95003412094503
1130;0.9501243535845171
1131;0.6292861539760645
1132;0.9327306242106782
1133;0.958590536093431
1134;0.9602154797883018
1135;0.9536007460802213
1136;0.5449687689042902
1137;0.9510648371565978
1138;0.10472605360473958
1139;0.9538443405000608
1140;0.17574007028600697
1141;0.954976627662847
1142;0.9518381982409106
1143;0.11698433838308155
1144;0.897651845413766
1145;0.9516182829906515
1146;0.9434818615676314
1147;0.5396604715737985
1148;0.5428709869096362
1149;0.9610969084718135
1150;1.0
1151;0.6926413487419125
1152;0.10727903633800612
1153;0.44250538400048023
1154;0.9506466859816071
1155;0.9434682154392194
1156;0.10424471925849725
1157;0.4940779132801493
1158;0.096762918865226
1159;0.951936098031319
1160;0.6117264202344943
1161;0.9512839611062651
1162;0.9513220182114617
1163;0.9510156019414134
1164;0.9433490017778168
1165;0.951552725457155
1166;0.9526019679765725
1167;0.9524308653065807
1168;0.7110413490400868
1169;0.9509505338761214
1170;0.952522333327334
1171;0.9545609870761318
1172;0.9544784736351491
1173;0.952069491631232
1174;0.954478269775022
1175;0.9535750707604144
1176;0.9526590541603462
1177;0.9546707179477195
1178;0.9528678685384959
1179;0.9538188986074284
1180;0.9522453220359268
1181;0.34772074946449577
1182;0.9558288869250401
1183;0.9529734568576206
1184;0.9501800561598186
1185;0.9520077208019362
1186;0.7254151754427797
1187;0.6208935405451534
1188;0.6221555098230868
1189;0.9598640346774815
1190;0.9512108948696661
1191;0.9522715834198573
1192;0.8754751984689808
1193;0.6640429065696968
1194;0.8546861854952201
1195;0.8595200766047074
1196;0.3716391624675224
1197;0.9504289281649855
1198;0.6012782090748912
1199;0.952923824160787
1200;0.594816453465084
1201;0.6055185280795595
1202;0.9588356970006369
1203;0.9577535783761167
1204;0.9539510301375435
1205;0.9502481906898933
1206;0.596937525457597
1207;0.956330966427079
1208;0.9579463351194556
1209;0.953051068787818
1210;0.49482940288247945
1211;0.3973643260745289
1212;0.4916851695409077
1213;0.9565396707157696
1214;0.9603571587407317
1215;0.7383520196392916
1216;0.9540087239583481
1217;0.9891944193881517
1218;1.0
1219;
1220;
1221;1.0
1222;
1223;1.0
1224;1.0
1225;
1226;
1227;1.0
1228;1.0
1229;1.0
1230;1.0
1231;1.0
1232;
1233;
1234;
1235;
1236;1.0
1237;1.0
1238;
1239;0.9608515494949237
1240;0.9585618434621902
1241;
1242;
1243;0.16682071493583644
1244;0.06080836203291973
1245;0.9840306313414533
1246;0.9550925038750017
1247;0.9841287320030538
1248;0.9892273557763527
1249;0.13126417107763702
1250;0.4741423567141918
1251;0.9890464667970806
1252;0.9606459585826417
1253;0.9543030838990392
1254;0.9516657907183079
1255;0.9530819677761629
1256;0.9530739251509068
1257;0.14746070604363934
1258;0.7424176462595538
1259;0.9552737553865968
1260;0.952204761390127
1261;0.41718985510817663
1262;0.9606147523890851
1263;1.0
1264;0.9892303643750132
1265;1.0
1266;1.0
1267;
1268;
1269;
1270;
1271;0.211356347803003
1272;
1273;
1274;
1275;
1276;
1277;
1278;
1279;
1280;1.0
1281;0.98410717452703
1282;0.9841087968842164
1283;1.0
1284;1.0
1285;0.9575676913445328
1286;0.9605058891748477
1287;
1288;
1289;
1290;1.0
1291;0.9507776832786244
1292;
1293;1.0
1294;1.0
1295;0.9608112813327137
1296;0.9513009475945089
1297;
1298;
1299;1.0
1300;1.0
1301;0.9560855167439767
1302;0.9587162124973803
1303;
1304;
1305;1.0
1306;1.0
1307;1.0
1308;1.0
1309;1.0
1310;0.9556567485571931
1311;0.9840889296767871
1312;0.9566167824747064
1313;1.0
1314;1.0
1315;1.0
1316;1.0
1317;1.0
1318;0.9841848884379211
1319;1.0
1320;1.0
1321;1.0
1322;1.0
1323;1.0
1324;1.0
1325;1.0
1326;1.0
1327;1.0
1328;1.0
1329;1.0
1330;0.9543346560481306
1331;1.0
1332;0.9558605993724414
1333;1.0
1334;0.9833328783139956
1335;0.9841875386859519
1336;1.0
1337;0.9551470116684248
1338;0.9841535450769271
1339;0.9841932773027413
1340;0.9892164906146621
1341;0.9841594391661529
1342;0.9841676773969271
1343;1.0
1344;1.0
1345;1.0
1346;1.0
1347;0.9644008968390293
1348;0.9837974379408787
1349;1.0
1350;1.0
1351;
1352;
1353;1.0
1354;1.0
1355;0.9513320209039563
1356;0.9516686582846947
1357;
1358;
1359;
1360;
1361;
1362;
1363;
1364;
1365;
1366;
1367;
1368;
1369;
1370;
1371;
1372;
1373;
1374;
1375;1.0
1376;
1377;1.0
1378;1.0
1379;
1380;
1381;0.7486296607458216
1382;0.44658400349402405
1383;0.9806331353344933
1384;0.9524020326145702
1385;0.9549581393758035
1386;0.5474094606291648
1387;0.38456409519852347
1388;0.10092670153671482
1389;0.12309880637697905
1390;0.9587141344410148
1391;0.9545881158011543
1392;0.9534268112583684
1393;0.9594240627589342
1394;0.9600798121593624
1395;0.9570417134236934
1396;0.13383259795672622
1397;1.0
1398;0.9790244673787862
1399;0.9639627640540062
1400;0.9502528976573557
1401;0.38463994032047133
1402;0.7628954360628195
1403;0.5921072019967617
1404;0.9544840392304887
1405;0.643038477923084
1406;0.9363186060534885
1407;0.8233273963576478
1408;0.9503197514163817
1409;0.9652198761923944
1410;0.9504820831176043
1411;0.9594403443161919
1412;0.9557287323806505
1413;0.9577785442749043
1414;1.0
1415;0.11522102070061929
1416;0.9580182091293461
1417;0.9603094505266205
1418;0.4939845360851578
1419;0.4293588490153908
1420;0.6638924421252307
1421;0.9567915189182664
1422;0.9609279170956285
1423;0.983826373119428
1424;0.9554016565142976
1425;0.17826541700843782
1426;0.18402046056515053
1427;0.9584910552342656
1428;1.0
1429;0.9545488453507793
1430;0.37744377804266555
1431;0.9841554174030965
1432;0.5878288316222314
1433;0.9520130515160737
1434;0.9890755522048766
1435;0.9513700023796632
1436;0.9587199380914209
1437;0.9585560696085481
1438;0.9563541246129958
1439;0.9549334349993572
1440;0.9544833484772614
1441;0.9551613021256693
1442;0.9799234013207715
1443;0.9580704196143519
1444;0.9607959787011161
1445;0.9569498538307606
1446;1.0
1447;0.9838968093649039
1448;0.9551454611734073
1449;0.9893219572072354
1450;0.9891639778496866
1451;1.0
1452;1.0
1453;0.9522511046724927
1454;
1455;0.9796482132248929
1456;0.9583315248133409
1457;0.9580458355878592
1458;1.0
1459;
1460;1.0
1461;1.0
1462;1.0
1463;1.0
1464;
1465;
1466;1.0
1467;0.9782054074319869
1468;
1469;0.9656881894221666
1470;0.9839494351737608
1471;0.9515849620285504
1472;0.35508242273219137
1473;0.9507711182019583
1474;0.9525527631834776
1475;0.9658219979113774
1476;1.0
1477;0.984093623163323
1478;0.9559347773566476
1479;0.9837468292338759
1480;0.9537094654568902
1481;
1482;0.9807066538446066
1483;1.0
1484;0.9600110436176854
1485;
1486;
1487;
1488;
1489;0.9890191022248864
1490;1.0
1491;0.9538892963790543
1492;0.9539242146784517
1493;0.9880801026786915
1494;0.9833935043955407
1495;0.9594050613993719
1496;0.959640195466629
1497;
1498;
1499;
1500;
1501;
1502;
1503;0.9507955539233702
1504;
1505;
1506;
1507;
1508;
1509;1.0
1510;1.0
1511;
1512;
1513;0.9648905212834127
1514;0.9649776179386492
1515;0.953078425900511
1516;0.9836019899516233
1517;0.953200832202788
1518;0.9540180100604856
1519;0.9650864831597051
1520;0.9576065205393728
1521;0.959779788819953
1522;1.0
1523;0.9538493609795646
1524;0.9563211992105491
1525;0.955779156338726
1526;0.9835995535590691
1527;0.9800589937904916
1528;0.9649832419406116
1529;0.5112020492907695
1530;0.9573263900516632
1531;0.9583692170260191
1532;
1533;0.9594662838219915
1534;1.0
1535;0.9583952080347234
1536;0.9599252769972485
1537;0.9539024743620772
1538;0.95834418838405
1539;0.953643888436249
1540;0.1364351766497187
1541;0.9525745575626305
1542;0.9535883151186542
1543;1.0
1544;0.960038227744333
1545;0.9530159293276974
1546;0.958015752943192
1547;0.9530229784011331
1548;0.9874286965494312
1549;0.9589994078100493
1550;0.9838734947745243
1551;0.9837293939739877
1552;0.9595625856686297
1553;
1554;
1555;1.0
1556;1.0
1557;1.0
1558;
1559;0.9803587691523843
1560;0.9599393647429721
1561;0.9837805630369343
1562;0.9800904740640598
1563;0.9556013140874672
1564;0.9839645555040415
1565;1.0
1566;0.956494225517625
1567;0.9562737882872133
1568;0.9838519144986545
1569;0.9883621790014052
1570;0.9526080162833036
1571;0.9800756447179553
1572;0.9804775086687314
1573;1.0
1574;1.0
1575;0.9634171935810774
1576;0.9659150810113034
1577;0.9653682878095374
1578;0.980332217668561
1579;0.9657468587649944
1580;0.952000132265729
1581;0.9797247179900814
1582;0.9803319639439876
1583;0.9660552917996609
1584;0.9530557317774573
1585;0.9652264498730583
1586;0.9656255040550505
1587;
1588;1.0
1589;1.0
1590;1.0
1591;0.9594288145450042
1592;0.9803102572892402
1593;0.9805741000621893
1594;0.9597543779496156
1595;0.9807412256318138
1596;0.9580784648739357
1597;0.9880617880296318
1598;0.959612120582456
1599;0.9803403084215738
1600;0.9805404536753164
1601;0.988158146329422
1602;0.9881452566315175
1603;0.9881871558248388
1604;0.9881146957428814
1605;0.9801639712839643
1606;0.9877993813446372
1607;0.988153838790237
1608;0.9883002604271913
1609;0.4503465319799823
1610;0.965855946609652
1611;1.0
1612;0.9834200340407244
1613;
1614;
1615;
1616;
1617;
1618;
1619;
1620;
1621;1.0
1622;0.9607078220777151
1623;0.9601739858322181
1624;0.9572955689250311
1625;1.0
1626;1.0
1627;0.954129797392607
1628;0.9593618956878951
1629;0.9796423448294231
1630;0.9835718685839103
1631;
1632;
1633;1.0
1634;0.9563346697273639
1635;0.9501695826373929
1636;0.9882121976474619
1637;0.984020380110571
1638;0.9552160306372612
1639;0.9836829608325411
1640;0.9794244939602597
1641;
1642;1.0
1643;
1644;
1645;0.9801835101088875
1646;0.954421527396732
1647;0.9541575362656437
1648;0.9795724353533981
1649;1.0
1650;1.0
1651;0.9549061675896838
1652;0.9533524902263807
1653;0.9892022651854226
1654;1.0
1655;0.9880461025657051
1656;0.9891816288345665
1657;1.0
1658;0.9588350238983055
1659;
1660;0.9837096600633256
1661;0.9890621946530493
1662;0.9662272473275676
1663;0.9883089703965079
1664;1.0
1665;0.9883754595603103
1666;0.9838599316169578
1667;0.9882177471663124
1668;0.983815964245215
1669;1.0
1670;1.0
1671;0.9542688049207918
1672;1.0
1673;0.9838653640324598
1674;0.9601441611350561
1675;0.9584323251492857
1676;1.0
1677;0.9884000176116204
1678;0.9837458412974337
1679;0.9826127152298029
1680;0.9555132626226733
1681;1.0
1682;1.0
1683;0.9656575162664783
1684;0.9890777465029267
1685;1.0
1686;0.9834166784912927
1687;
1688;0.9839837308038522
1689;1.0
1690;1.0
1691;1.0
1692;0.9840621689771759
1693;1.0
1694;1.0
1695;1.0
1696;
1697;1.0
1698;1.0
1699;1.0
1700;0.9883582887328147
1701;1.0
1702;1.0
1703;
1704;0.9836375891937971
1705;1.0
1706;0.9841890936165204
1707;1.0
1708;
1709;1.0
1710;
1711;1.0
1712;1.0
1713;
1714;1.0
1715;1.0
1716;
1717;0.9602425082415412
1718;1.0
1719;0.9601733979721722
1720;1.0
1721;1.0
1722;1.0
1723;1.0
1724;0.9800383285609201
1725;0.9581972499193158
1726;0.9883429034623155
1727;1.0
1728;0.9836506542336941
1729;1.0
1730;1.0
1731;
1732;
1733;0.9891463391763097
1734;1.0
1735;0.9658774916083819
1736;1.0
1737;0.9656701474858822
1738;0.9658427184216009
1739;0.9837528458402076
1740;1.0
1741;
1742;0.9883577321015239
1743;
1744;
1745;
1746;
1747;1.0
1748;1.0
1749;
1750;
1751;
1752;
1753;
1754;1.0
1755;
1756;
1757;
1758;1.0
1759;
1760;
1761;1.0
1762;1.0
1763;0.9880652786814528
1764;1.0
1765;0.9881788923509502
1766;
1767;
1768;1.0
1769;1.0
1770;
1771;1.0
1772;1.0
1773;1.0
1774;1.0
1775;
1776;
1777;1.0
1778;
1779;1.0
1780;
1781;
1782;1.0
1783;
1784;1.0
1785;
1786;
1787;
1788;
1789;
1790;
1791;0.9882855065329633
1792;1.0
1793;
1794;
1795;
1796;
1797;1.0
1798;1.0
1799;1.0
1800;
1801;1.0
1802;
1803;1.0
1804;1.0
1805;0.9883867361029945
1806;
1807;
1808;
1809;1.0
1810;
1811;
1812;
1813;1.0
1814;
1815;
1816;1.0
1817;
1818;1.0
1819;
1820;
1821;1.0
1822;
1823;1.0
1824;
1825;1.0
1826;
1827;1.0
1828;
1829;1.0
1830;1.0
1831;
1832;
1833;
1834;
1835;
1836;
1837;
1838;1.0
1839;1.0
1840;1.0
1841;1.0
1842;1.0
1843;1.0
1844;1.0
1845;
1846;1.0
1847;
1848;
1849;
1850;
1851;
1852;
1853;
1854;
1855;
1856;
1857;
1858;
