ID;xa;xb;xm;xn;ya;yb;ym;yn;za;zb;zm;zn;idx_a;idx_b;idx_m;idx_n;rhoa;err;k;array;L;xDOI;yDOI;idx_cell_DOI;frechet_DOI;rhoa_th
0;-15.0;-13.5;-12.0;-10.5;0.657;1.166;1.6079999999999999;0.601;0.0;0.0;0.0;0.0;0;1;2;3;100.40468567243;0.00529760203767043;-3.206883378559312;DD;4.954441785968019;-12.762330100403151;-0.36181163953896256;1271;-0.0013288867293783408;100.39636707123363
1;-13.5;-12.0;-10.5;-9.0;1.166;1.6079999999999999;0.601;0.393;0.0;0.0;0.0;0.0;1;2;3;4;100.579467678994;0.00513267433113354;-6.2115098201717736;DD;4.884786561557021;-11.415397061111088;-0.18335481888732208;1104;-0.0029533857094675687;100.57018747014413
2;-12.0;-10.5;-9.0;-7.5;1.6079999999999999;0.601;0.393;1.337;0.0;0.0;0.0;0.0;2;3;4;5;97.5829192968408;0.000970775493480426;-5.152454182044258;DD;5.093345621036953;-9.81123557684159;0.45567307827618464;430;0.041925055341536725;97.46071160090654
3;-10.5;-9.0;-7.5;-6.0;0.601;0.393;1.337;1.405;0.0;0.0;0.0;0.0;3;4;5;6;99.8740823832636;0.00968644990532886;-7.991911542426288;DD;4.788218235851318;-8.081568204621426;0.0602847273587247;561;0.00811286915560883;99.55997062266523
4;-9.0;-7.5;-6.0;-4.5;0.393;1.337;1.405;0.769;0.0;0.0;0.0;0.0;4;5;6;7;99.9740849942518;0.00702053093877358;-2.821766037751455;DD;4.903127978671727;-6.668347816421344;-0.3962202821913683;1389;-0.0033842320829055414;99.98234777850986
5;-7.5;-6.0;-4.5;-3.0;1.337;1.405;0.769;0.6809999999999999;0.0;0.0;0.0;0.0;5;6;7;8;100.046648666788;0.0032766214659778;-5.154866500595135;DD;4.633382068100556;-5.383675911243962;0.09201585274720903;1156;-0.0025757158685247115;99.84962211857689
6;-6.0;-4.5;-3.0;-1.5;1.405;0.769;0.6809999999999999;1.204;0.0;0.0;0.0;0.0;6;7;8;9;99.4361233332513;0.00392108153132156;-5.372239203334549;DD;4.72040345414344;-3.7921269345058595;0.36135967524195434;735;0.020694448055460432;99.59635619773982
7;-4.5;-3.0;-1.5;0.0;0.769;0.6809999999999999;1.204;1.318;0.0;0.0;0.0;0.0;7;8;9;10;98.5838369682902;0.0146351494813211;-5.7269823732131435;DD;4.595466806932208;-2.1386958757317847;0.13117111255561253;906;0.014867528630802472;99.20890297737847
8;-3.0;-1.5;0.0;1.5;0.6809999999999999;1.204;1.318;0.944;0.0;0.0;0.0;0.0;8;9;10;11;101.355572841674;0.00296120277064587;-4.014702905788549;DD;4.638810069266485;-0.6958698333555381;-0.1136815585554316;1152;-0.005713083287642296;101.34177030829919
9;-1.5;0.0;1.5;3.0;1.204;1.318;0.944;0.417;0.0;0.0;0.0;0.0;9;10;11;12;101.273708751644;0.00261055272179894;-3.7061210525249644;DD;4.6401314700331975;0.5901250746524451;-0.10365141558322355;1140;-0.0022297498423513155;101.51983361912652
10;0.0;1.5;3.0;4.5;1.318;0.944;0.417;1.015;0.0;0.0;0.0;0.0;10;11;12;13;95.9346376970383;5.11345664246456e-05;-5.794335643470497;DD;4.750613435933309;2.1861696051742885;0.21852383922210517;813;0.006847864217901366;95.61207274603916
11;1.5;3.0;4.5;6.0;0.944;0.417;1.015;1.589;0.0;0.0;0.0;0.0;11;12;13;14;95.7962743963734;0.00234587133375146;-7.136432913246448;DD;4.810765775608216;3.8865134516917412;0.31408056959250374;764;0.029421642740208823;95.91114230337023
12;3.0;4.5;6.0;7.5;0.417;1.015;1.589;1.3;0.0;0.0;0.0;0.0;12;13;14;15;99.9528014367775;0.0141537074205041;-3.811306141962469;DD;4.748469105308369;5.432863863380575;-0.07342229355899244;1112;-0.002965461100629696;100.85517076877947
13;4.5;6.0;7.5;9.0;1.015;1.589;1.3;0.653;0.0;0.0;0.0;0.0;13;14;15;16;101.444207197257;0.00420645322765357;-4.611322317043922;DD;4.767249146113588;6.673547233985415;-0.11637968802660592;1388;-0.0032584470223984965;101.64701796529413
14;6.0;7.5;9.0;10.5;1.589;1.3;0.653;0.609;0.0;0.0;0.0;0.0;14;15;16;17;99.4451155881327;0.00342714516526772;-4.3364611201113075;DD;4.661819622625599;8.051602083279228;0.1879891579148243;855;-0.003351531072199173;99.406451575292
15;7.5;9.0;10.5;12.0;1.3;0.653;0.609;1.3539999999999999;0.0;0.0;0.0;0.0;15;16;17;18;97.1388188585264;0.00802277269221615;-8.775433129113226;DD;4.809053849818367;9.761540898324796;0.3652584729336207;460;0.03387292292137236;97.55773040354893
16;9.0;10.5;12.0;13.5;0.653;0.609;1.3539999999999999;1.228;0.0;0.0;0.0;0.0;16;17;18;19;100.178890349802;0.00161285711666;-4.106129049381783;DD;4.680748778222036;11.368654412478831;0.011900250165666648;936;-0.005227678893778795;100.19734428392452
17;10.5;12.0;13.5;15.0;0.609;1.3539999999999999;1.228;0.775;0.0;0.0;0.0;0.0;17;18;19;20;101.496408563247;0.00404050856814538;-3.7883502358368637;DD;4.7470142384072505;12.784998611372147;-0.25675753719676364;1249;-0.003337899799162251;101.55380635648919
18;-15.0;-13.5;-10.5;-9.0;0.657;1.166;0.601;0.393;0.0;0.0;0.0;0.0;0;1;3;4;99.4035220236669;0.0188618590121053;-11.77791311143153;DD;6.468794452951506;-12.056870367289127;-0.7675083474801417;1609;-0.00039258509440953876;98.50995322864358
19;-13.5;-12.0;-9.0;-7.5;1.166;1.6079999999999999;0.393;1.337;0.0;0.0;0.0;0.0;1;2;4;5;94.4217301356946;0.00174577812831838;-29.711645613139833;DD;6.657111588181653;-10.46206986519658;-0.07938192292700874;947;0.00036535138913079956;94.15425668632332
20;-12.0;-10.5;-7.5;-6.0;1.6079999999999999;0.601;1.337;1.405;0.0;0.0;0.0;0.0;2;3;5;6;94.1382157513338;0.00257550390722771;-40.5260534916003;DD;6.594886163280152;-9.04459987705665;0.18827703280837493;364;0.0014289889268167967;94.10248480422783
21;-10.5;-9.0;-6.0;-4.5;0.601;0.393;1.405;0.769;0.0;0.0;0.0;0.0;3;4;6;7;97.8367099546758;0.000744459157661625;-16.144019563750668;DD;6.417480645655214;-7.464076187759712;-0.5979932942959971;1044;-0.00034561295328056665;97.82381335265447
22;-9.0;-7.5;-4.5;-3.0;0.393;1.337;0.769;0.6809999999999999;0.0;0.0;0.0;0.0;4;5;7;8;98.4717873514907;0.0191877121529904;-9.944457367596879;DD;6.405707094725188;-5.9385759317061355;-0.742668089455518;1426;-0.0006472330721576217;98.16494388073639
23;-7.5;-6.0;-3.0;-1.5;1.337;1.405;0.6809999999999999;1.204;0.0;0.0;0.0;0.0;5;6;8;9;99.8274617527871;0.000265138754492255;-26.649906173967953;DD;6.22194399638664;-4.527577177373116;0.02641681023534348;828;0.00042035756580990034;99.73429860547938
24;-6.0;-4.5;-1.5;0.0;1.405;0.769;1.204;1.318;0.0;0.0;0.0;0.0;6;7;9;10;99.0173124997865;0.000602302099410371;-29.510001850139833;DD;6.224729216736105;-3.018049817341213;0.11668501095083528;514;0.0008668284978154825;98.97216114248576
25;-4.5;-3.0;0.0;1.5;0.769;0.6809999999999999;1.318;0.944;0.0;0.0;0.0;0.0;7;8;10;11;101.565899259228;0.0246324211248527;-18.812894919471848;DD;6.141389185319946;-1.464190458003559;-0.37125572559226816;1188;-0.00021995181933915216;97.42652683088043
26;-3.0;-1.5;1.5;3.0;0.6809999999999999;1.204;0.944;0.417;0.0;0.0;0.0;0.0;8;9;11;12;97.9860017994167;0.00192360964781129;-10.9404072725417;DD;6.228693398319281;-0.054759520320227566;-0.695534552732445;1200;-0.000270480141010726;98.00483781735376
27;-1.5;0.0;3.0;4.5;1.204;1.318;0.417;1.015;0.0;0.0;0.0;0.0;9;10;12;13;89.2552304252039;0.00301547342333613;-18.062763322329175;DD;6.254939198525974;1.460613418871945;-0.1408676548588872;915;-1.999859182599493e-05;89.05463608685321
28;0.0;1.5;4.5;6.0;1.318;0.944;1.015;1.589;0.0;0.0;0.0;0.0;10;11;13;14;82.4048483554298;0.000347117697052411;-41.027047796659566;DD;6.356688153995953;3.057363601132183;0.18345717050516486;834;0.0012940448633083634;82.08373467256395
29;1.5;3.0;6.0;7.5;0.944;0.417;1.589;1.3;0.0;0.0;0.0;0.0;11;12;14;15;88.5965090425071;0.0116867803761954;-22.457847474567387;DD;6.338352434361165;4.575083068781965;-0.1434449794713193;1019;2.1801096394484846e-05;89.1586618535254
30;3.0;4.5;7.5;9.0;0.417;1.015;1.3;0.653;0.0;0.0;0.0;0.0;12;13;15;16;99.8561818625543;0.0114282281451501;-11.108787644783307;DD;6.382056874606365;6.050166722331461;-0.740425144020194;1403;-0.00031760220088122946;99.31411563477776
31;4.5;6.0;9.0;10.5;1.015;1.589;0.653;0.609;0.0;0.0;0.0;0.0;13;14;16;17;98.6383281601931;0.00751933032686776;-15.174231389252295;DD;6.267894340688242;7.41536803079478;-0.4387187567273926;1258;-0.000284307369992665;98.14542607133174
32;6.0;7.5;10.5;12.0;1.589;1.3;0.609;1.3539999999999999;0.0;0.0;0.0;0.0;14;15;17;18;94.1232897987446;0.00791031947043035;-35.12911194013194;DD;6.336640508571317;8.95040101121751;0.2051428395960193;278;0.001036381115129298;93.14857497111552
33;7.5;9.0;12.0;13.5;1.3;0.653;1.3539999999999999;1.228;0.0;0.0;0.0;0.0;15;16;18;19;93.9210027555712;0.00909387454794734;-33.29206761457739;DD;6.314336547520032;10.48484668328548;0.0012236071233999724;748;0.0007541536318958573;94.08090438041124
34;9.0;10.5;13.5;15.0;0.653;0.609;1.228;0.775;0.0;0.0;0.0;0.0;16;17;19;20;100.048475408696;0.014027943109361;-11.19263229597353;DD;6.247659432981904;12.02540189776669;-0.5352736606568482;1472;-0.00021389920728699882;99.47913893736843
35;-15.0;-13.5;-9.0;-7.5;0.657;1.166;0.393;1.337;0.0;0.0;0.0;0.0;0;1;4;5;89.4147674573414;0.0140185106279229;-36.231262624741554;DD;8.241119479576136;-11.101171499638381;-0.6444908128119639;935;-1.1894752888670141e-05;91.03768010204078
36;-13.5;-12.0;-7.5;-6.0;1.166;1.6079999999999999;1.337;1.405;0.0;0.0;0.0;0.0;1;2;5;6;92.0731255268629;0.00586857093800268;-153.60968595208166;DD;8.158652130424851;-9.698028571814756;-0.34540255811431764;970;1.8449688768272694e-05;91.42539605807171
37;-12.0;-10.5;-6.0;-4.5;1.6079999999999999;0.601;1.405;0.769;0.0;0.0;0.0;0.0;2;3;6;7;95.7713081411774;0.0219045562580997;-57.771744422831006;DD;8.22414857308405;-8.432860999688115;-0.4461334894646809;884;7.129885482566522e-05;94.42951670823545
38;-10.5;-9.0;-4.5;-3.0;0.601;0.393;0.769;0.6809999999999999;0.0;0.0;0.0;0.0;3;4;7;8;97.1082415032784;0.00990536325130686;-28.719408539408434;DD;7.920059761708675;-6.73310483362826;-0.942921847350666;1155;-4.310429452917035e-05;98.13063104970222
39;-9.0;-7.5;-3.0;-1.5;0.393;1.337;0.6809999999999999;1.204;0.0;0.0;0.0;0.0;4;5;8;9;100.467955689008;0.00566297729602776;-30.686158563386165;DD;7.994269023011272;-5.078112612000506;-0.7910874352604249;1181;-4.6802750780833624e-05;100.72627360352168
40;-7.5;-6.0;-1.5;0.0;1.337;1.405;1.204;1.318;0.0;0.0;0.0;0.0;5;6;9;10;100.368429535676;0.000996513650876551;-98.54976322288354;DD;7.726269758979305;-3.7539146307829543;-0.21774899327149155;586;5.280572182164757e-05;100.32106933912775
41;-6.0;-4.5;0.0;1.5;1.405;0.769;1.318;0.944;0.0;0.0;0.0;0.0;6;7;10;11;98.0324823533413;0.0050347565411621;-66.43724164542324;DD;7.770651595123843;-2.345347261902106;-0.37670274244207036;1163;4.3974013875252275e-05;98.56867394906746
42;-4.5;-3.0;1.5;3.0;0.769;0.6809999999999999;0.944;0.417;0.0;0.0;0.0;0.0;7;8;11;12;91.2619399139875;0.0155066343106613;-29.26778254065584;DD;7.731272514372742;-0.8224910824965669;-0.9515543145575338;1194;-3.902448181729409e-05;92.44412122032837
43;-3.0;-1.5;3.0;4.5;0.6809999999999999;1.204;0.417;1.015;0.0;0.0;0.0;0.0;8;9;12;13;80.6828729448642;0.000685629748060196;-29.730916365858146;DD;7.843501126812058;0.8197902796524749;-0.7191469981843155;1210;-2.3297174826196072e-05;80.45321304504328
44;-1.5;0.0;4.5;6.0;1.204;1.318;1.015;1.589;0.0;0.0;0.0;0.0;9;10;13;14;73.2692340467913;0.0106230371372612;-86.69406781770935;DD;7.861013916588617;2.3306002840587166;-0.17363540374123487;872;6.692785191186168e-05;73.79391793253559
45;0.0;1.5;6.0;7.5;1.318;0.944;1.589;1.3;0.0;0.0;0.0;0.0;10;11;14;15;74.9031288781307;0.00473592430635184;-90.48762547358;DD;7.884274812748902;3.746215558989055;-0.26785042122710667;938;0.00013141086716334573;74.29978321007931
46;1.5;3.0;7.5;9.0;0.944;0.417;1.3;0.653;0.0;0.0;0.0;0.0;11;12;15;16;80.0851327611191;0.00919424234233798;-38.39204577489191;DD;7.971940203659161;5.188184256467236;-0.7946892663083638;1382;-6.596880716676602e-05;79.78856172745512
47;3.0;4.5;9.0;10.5;0.417;1.015;0.653;0.609;0.0;0.0;0.0;0.0;12;13;16;17;89.8681048622916;0.0154993440501754;-20.33619670898971;DD;7.882702069181018;6.790346216111473;-1.0630240668544104;1406;-0.00016338865345473188;89.22273067392003
48;4.5;6.0;10.5;12.0;1.015;1.589;0.609;1.3539999999999999;0.0;0.0;0.0;0.0;13;14;17;18;88.5894307425187;0.00783253292336236;-79.47555903814286;DD;7.94271522663396;8.321728910518587;-0.4024227990837914;1192;1.7545195721516978e-05;88.78933522301959
49;6.0;7.5;12.0;13.5;1.589;1.3;1.3539999999999999;1.228;0.0;0.0;0.0;0.0;14;15;18;19;89.662736449281;0.00322061516205667;-95.78369835939579;DD;7.8419232062729805;9.67459571772406;-0.15807096141150212;1077;8.664992808720141e-05;89.47571483052884
50;7.5;9.0;13.5;15.0;1.3;0.653;1.228;0.775;0.0;0.0;0.0;0.0;15;16;19;20;92.3957649890149;0.00813517217369669;-55.49253097729723;DD;7.8812472022799005;11.139931876535481;-0.5349017637788345;1529;-3.1477526297215007e-06;91.9937068345628
51;-15.0;-13.5;-7.5;-6.0;0.657;1.166;1.337;1.405;0.0;0.0;0.0;0.0;0;1;5;6;87.8226720355255;0.0123086431643395;-157.08344547438443;DD;9.742660021819336;-10.338611771958893;-0.9108369684090427;1013;8.308554885760213e-06;88.72925805054017
52;-13.5;-12.0;-6.0;-4.5;1.166;1.6079999999999999;1.405;0.769;0.0;0.0;0.0;0.0;1;2;6;7;92.3935358838034;0.00227459934604142;-183.7572606809891;DD;9.787914540228748;-9.086267268953447;-0.9881811601537118;761;2.8797735598680617e-06;92.14988612926986
53;-12.0;-10.5;-4.5;-3.0;1.6079999999999999;0.601;0.769;0.6809999999999999;0.0;0.0;0.0;0.0;2;3;7;8;96.2103647578887;0.0130714275428243;-80.9826754852498;DD;9.72672768913751;-7.699316107477839;-0.7906078395906666;1044;2.6129878997865875e-05;95.3122508973194
54;-10.5;-9.0;-3.0;-1.5;0.601;0.393;0.6809999999999999;1.204;0.0;0.0;0.0;0.0;3;4;8;9;97.793926611836;0.0160748323456123;-64.18466593812913;DD;9.508621689994758;-5.8728694942631625;-0.9949702348781776;1390;1.7185685416424673e-05;99.25370912949997
55;-9.0;-7.5;-1.5;0.0;0.393;1.337;1.204;1.318;0.0;0.0;0.0;0.0;4;5;9;10;102.182863099075;0.00184633858532316;-91.60125815080877;DD;9.498594785603936;-4.305774242086423;-1.0342641310510126;1049;7.0364087753253685e-06;101.75431272737896
56;-7.5;-6.0;0.0;1.5;1.337;1.405;1.318;0.944;0.0;0.0;0.0;0.0;5;6;10;11;100.249599564306;0.00259882794248419;-187.97183734419545;DD;9.272192137367043;-3.0809000521875274;-0.7121729508594075;1166;8.48420828946568e-06;99.90614611962788
57;-6.0;-4.5;1.5;3.0;1.405;0.769;0.944;0.417;0.0;0.0;0.0;0.0;6;7;11;12;91.6908152945965;0.00781822871777304;-82.21065186776022;DD;9.360534924176639;-1.704288474395718;-0.9499273983415615;1180;5.108864978697703e-06;91.14619833016965
58;-4.5;-3.0;3.0;4.5;0.769;0.6809999999999999;0.417;1.015;0.0;0.0;0.0;0.0;7;8;12;13;73.5928736527688;0.0123695071087808;-58.057788844965486;DD;9.346080242865519;0.05107283035026622;-0.9765181835463257;1200;1.9861139842709825e-05;74.53494452306464
59;-3.0;-1.5;4.5;6.0;0.6809999999999999;1.204;1.015;1.589;0.0;0.0;0.0;0.0;8;9;13;14;66.9434433188707;0.0132045661308428;-114.38390459807493;DD;9.449575844874701;1.6897084059229952;-0.7453696622323316;1047;-2.3732808153227155e-06;67.62986865837587
60;-1.5;0.0;6.0;7.5;1.204;1.318;1.589;1.3;0.0;0.0;0.0;0.0;9;10;14;15;67.9896414210268;0.00521941565616899;-162.43529829963978;DD;9.388600575341567;3.020027875229567;-0.6256133027718858;1022;-1.0247670099305014e-05;67.41625593843065
61;0.0;1.5;7.5;9.0;1.318;0.944;1.3;0.653;0.0;0.0;0.0;0.0;10;11;15;16;67.8520715033497;0.00296984673233178;-127.82607720968927;DD;9.517862582046897;4.359729528717981;-0.9128973556964983;1115;-9.21453591008377e-06;67.11459734969051
62;1.5;3.0;9.0;10.5;0.944;0.417;0.653;0.609;0.0;0.0;0.0;0.0;11;12;16;17;70.9086869548949;0.00250492850345875;-50.35643827614611;DD;9.472585398233814;5.9295306647747195;-1.1167060209776976;1403;1.8282304524003472e-06;70.79146920997115
63;3.0;4.5;10.5;12.0;0.417;1.015;0.609;1.3539999999999999;0.0;0.0;0.0;0.0;12;13;17;18;78.9291013743634;0.00346448209496985;-81.88492382944892;DD;9.557522955126736;7.697939015402691;-1.015728536418595;1207;-5.99970438710126e-07;78.64164855361648
64;4.5;6.0;12.0;13.5;1.015;1.589;1.3539999999999999;1.228;0.0;0.0;0.0;0.0;13;14;18;19;84.8452487258563;0.00680024721578479;-182.41797407032138;DD;9.447997924335624;9.044708004536233;-0.7675706142069967;1048;5.616696822814655e-06;84.76710665182993
65;6.0;7.5;13.5;15.0;1.589;1.3;1.228;0.775;0.0;0.0;0.0;0.0;14;15;19;20;86.9580378247003;0.00232253697160993;-135.62553481179089;DD;9.40883386103285;10.330496523638619;-0.6921170605066644;1122;9.980647452371097e-06;86.6439363556961
66;-15.0;-13.5;-6.0;-4.5;0.657;1.166;1.405;0.769;0.0;0.0;0.0;0.0;0;1;6;7;90.177959624765;0.00293072473298691;-171.15152820537423;DD;11.371922431623233;-9.725741278824978;-1.5612551101583083;1041;3.546708575689798e-07;89.40677773903407
67;-13.5;-12.0;-4.5;-3.0;1.166;1.6079999999999999;0.769;0.6809999999999999;0.0;0.0;0.0;0.0;1;2;7;8;92.9736760498877;0.00714351418026369;-227.356492920079;DD;11.290493656282209;-8.354191565421823;-1.3321936843899935;1652;1.0311750453996509e-06;93.00311271625772
68;-12.0;-10.5;-3.0;-1.5;1.6079999999999999;0.601;0.6809999999999999;1.204;0.0;0.0;0.0;0.0;2;3;8;9;97.1579033545116;0.0186577451114475;-154.67420120352207;DD;11.315289617423593;-6.837009466384889;-0.855384646141913;1155;6.7459451825645134e-06;94.90133951919
69;-10.5;-9.0;-1.5;0.0;0.601;0.393;1.204;1.318;0.0;0.0;0.0;0.0;3;4;9;10;99.383573333978;0.00473832920911788;-164.09404734826342;DD;11.012947452587422;-5.099944047336694;-1.23797211013209;1068;7.77813346402677e-06;98.37979195164272
70;-9.0;-7.5;0.0;1.5;0.393;1.337;1.318;0.944;0.0;0.0;0.0;0.0;4;5;10;11;99.5579240951184;0.0119130349720265;-155.25612461039964;DD;11.044517163991674;-3.6342444341214954;-1.5373683152891098;1255;1.6292733931690832e-06;100.37744687871357
71;-7.5;-6.0;1.5;3.0;1.337;1.405;0.944;0.417;0.0;0.0;0.0;0.0;5;6;11;12;91.5726849430526;0.00656553608633834;-205.79932774915392;DD;10.862075466419839;-2.439618473378145;-1.2871238809462204;1183;9.606662509484822e-07;90.61676878263128
72;-6.0;-4.5;3.0;4.5;1.405;0.769;0.417;1.015;0.0;0.0;0.0;0.0;6;7;12;13;72.1418275471457;0.00974681670227327;-138.6892511638822;DD;10.975342652669415;-0.8314749351409697;-0.9835559461030292;1194;7.460961246671009e-06;72.74113467000377
73;-4.5;-3.0;4.5;6.0;0.769;0.6809999999999999;1.015;1.589;0.0;0.0;0.0;0.0;7;8;13;14;65.7332949846155;0.00787084603742452;-192.09875495579772;DD;10.952154960928162;0.9205429610486631;-1.0047818183060524;1184;-3.599744791169619e-08;64.99214033231513
74;-3.0;-1.5;6.0;7.5;0.6809999999999999;1.204;1.589;1.3;0.0;0.0;0.0;0.0;8;9;14;15;64.5802234445674;0.0115859557900739;-190.98116925945573;DD;10.97716250362765;2.379201655234341;-1.2011274312771918;1027;-1.3457988945080219e-06;63.474112152635534
75;-1.5;0.0;7.5;9.0;1.204;1.318;1.3;0.653;0.0;0.0;0.0;0.0;9;10;15;16;62.9235123289134;0.0082068231835171;-206.8169647085945;DD;11.022188344639561;3.634478458396267;-1.2729086875484579;1025;3.9652761560636404e-07;62.79090424706982
76;0.0;1.5;9.0;10.5;1.318;0.944;0.653;0.609;0.0;0.0;0.0;0.0;10;11;16;17;63.5196786110921;0.00963376129244327;-144.1546806661018;DD;11.01850777662155;5.101535749775648;-1.2351948199657234;1408;4.927003706216109e-06;62.97615810211302
77;1.5;3.0;10.5;12.0;0.944;0.417;0.609;1.3539999999999999;0.0;0.0;0.0;0.0;11;12;17;18;64.5755268855895;0.00412780926936507;-168.16460899941748;DD;11.147406284179532;6.836989642776091;-1.0787835345096486;1406;1.7906545990318313e-06;63.806829307144305
78;3.0;4.5;12.0;13.5;0.417;1.015;1.3539999999999999;1.228;0.0;0.0;0.0;0.0;12;13;18;19;75.4211682186249;0.00822060159994489;-167.46203056211183;DD;11.0628056528284;8.420386523642255;-1.3834907499922087;994;2.149412192203732e-06;74.68770737702229
79;4.5;6.0;13.5;15.0;1.015;1.589;1.228;0.775;0.0;0.0;0.0;0.0;13;14;19;20;83.4787209065415;0.0189679298265396;-231.8673380876971;DD;11.014908579095493;9.699659280721427;-1.3074064684375992;1080;-3.98856268430614e-06;81.33558864912702
80;-15.0;-13.5;-4.5;-3.0;0.657;1.166;0.769;0.6809999999999999;0.0;0.0;0.0;0.0;0;1;7;8;90.8707579466792;0.00245388116002878;-196.24518923375865;DD;12.874501547676694;-8.9948502096805;-1.9058951597501697;1024;3.35010965627748e-07;89.99580499233286
81;-13.5;-12.0;-3.0;-1.5;1.166;1.6079999999999999;0.6809999999999999;1.204;0.0;0.0;0.0;0.0;1;2;8;9;92.6185192676136;0.00753736164357491;-396.8686056945253;DD;12.879055584568293;-7.491843305693097;-1.3907982021800493;1392;1.4800242841875244e-06;92.00157540969313
82;-12.0;-10.5;-1.5;0.0;1.6079999999999999;0.601;1.204;1.318;0.0;0.0;0.0;0.0;2;3;9;10;92.5777191941747;0.00889514429625519;-361.50064643307667;DD;12.819615380016256;-6.061943388647186;-1.1001747026421898;1390;3.137546544706857e-06;92.73996198169117
83;-10.5;-9.0;0.0;1.5;0.601;0.393;1.318;0.944;0.0;0.0;0.0;0.0;3;4;10;11;95.0614268241328;0.00815810284965429;-255.02517658868263;DD;12.55886983097516;-4.42823443796204;-1.7382485261093947;1453;6.713198221890882e-08;95.13924645059846
84;-9.0;-7.5;1.5;3.0;0.393;1.337;0.944;0.417;0.0;0.0;0.0;0.0;4;5;11;12;89.7628806954558;0.000771017094141024;-154.47240557459972;DD;12.634400493044467;-2.994946249910272;-2.1218750448638577;1399;-9.626329469252977e-07;89.18971265154279
85;-7.5;-6.0;3.0;4.5;1.337;1.405;0.417;1.015;0.0;0.0;0.0;0.0;5;6;12;13;72.4612741454877;0.00341151974816627;-317.95083679601885;DD;12.476883194912613;-1.5669351798877895;-1.3184787535822193;1180;2.4659629784290933e-06;71.65533181860751
86;-6.0;-4.5;4.5;6.0;1.405;0.769;1.015;1.589;0.0;0.0;0.0;0.0;6;7;13;14;65.4307842305623;0.00276690799330019;-419.4602022854776;DD;12.581417370732058;0.03857847842231417;-1.0189877231944031;1200;2.028532293575755e-06;64.6732437577458
87;-4.5;-3.0;6.0;7.5;0.769;0.6809999999999999;1.589;1.3;0.0;0.0;0.0;0.0;7;8;14;15;63.9537249540804;0.0082718324903603;-295.8481602212325;DD;12.47974161968111;1.6103377420644185;-1.4590082952410972;1400;1.5254754159011485e-06;62.84413888890805
88;-3.0;-1.5;7.5;9.0;0.6809999999999999;1.204;1.3;0.653;0.0;0.0;0.0;0.0;8;9;15;16;62.5522109589309;0.000130018918779225;-224.2836108147513;DD;12.610750272925646;2.994114999226226;-1.8551431887602383;1473;8.570932057065352e-07;61.60854190048975
89;-1.5;0.0;9.0;10.5;1.204;1.318;0.653;0.609;0.0;0.0;0.0;0.0;9;10;16;17;63.0871240384104;0.0145353407715731;-214.1868392621617;DD;12.522833539214215;4.375967607722903;-1.5949936257565716;1381;3.3311216756208736e-06;61.79127826964136
90;0.0;1.5;10.5;12.0;1.318;0.944;0.609;1.3539999999999999;0.0;0.0;0.0;0.0;10;11;17;18;60.3039541923112;0.0026465683323795;-436.8983467588805;DD;12.69332866256727;6.007615962925784;-1.2026543085947696;1403;1.2735838570092278e-06;59.66222679442711
91;1.5;3.0;12.0;13.5;0.944;0.417;1.3539999999999999;1.228;0.0;0.0;0.0;0.0;11;12;18;19;63.7602653863059;0.0272016916658961;-315.51069879120126;DD;12.652688981881195;7.559872629199086;-1.4438294027782783;1203;9.904883104574624e-07;61.55218711217477
92;3.0;4.5;13.5;15.0;0.417;1.015;1.228;0.775;0.0;0.0;0.0;0.0;12;13;19;20;71.9161813794828;0.0062566734776501;-196.6104349776376;DD;12.62971630758827;9.075323794622317;-1.928819931474349;1416;-4.348580241935191e-07;71.3056220636989
93;-15.0;-13.5;-3.0;-1.5;0.657;1.166;0.6809999999999999;1.204;0.0;0.0;0.0;0.0;0;1;8;9;89.2548043539173;0.00857157556416282;-322.91004027268616;DD;14.463063475962777;-8.132891710806373;-1.959741140976179;1570;9.622983314950586e-07;88.50655837457049
94;-13.5;-12.0;-1.5;0.0;1.166;1.6079999999999999;1.204;1.318;0.0;0.0;0.0;0.0;1;2;9;10;89.5710611110777;0.0107089249806112;-872.1007686965045;DD;14.383381347160958;-6.717612808889439;-1.6344939473195979;1469;4.4234968868528927e-07;89.29850738725311
95;-12.0;-10.5;0.0;1.5;1.6079999999999999;0.601;1.318;0.944;0.0;0.0;0.0;0.0;2;3;10;11;89.6706692135837;0.00482472415243203;-531.677914828589;DD;14.365537758403994;-5.391143703930961;-1.5936385588373119;1064;9.027475104808805e-07;88.51160975183214
96;-10.5;-9.0;1.5;3.0;0.601;0.393;0.944;0.417;0.0;0.0;0.0;0.0;3;4;11;12;83.1379273566972;0.00223462785325856;-234.8697652890218;DD;14.148753160027956;-3.7885648711883566;-2.3204878317544098;1575;-1.2161672179601774e-06;82.45291843498859
97;-9.0;-7.5;3.0;4.5;0.393;1.337;0.417;1.015;0.0;0.0;0.0;0.0;4;5;12;13;71.2548493776215;0.00714000494092095;-221.55688550565958;DD;14.249208221537243;-2.1188353306860623;-2.142821600865209;1176;3.733727289043312e-07;70.14714126390271
98;-7.5;-6.0;4.5;6.0;1.337;1.405;1.015;1.589;0.0;0.0;0.0;0.0;5;6;13;14;65.4810369320867;0.0047323762457355;-909.9069896738433;DD;14.082957912975257;-0.6974327813715471;-1.3531009979528372;1256;4.2026311114516847e-07;64.17204598687663
99;-6.0;-4.5;6.0;7.5;1.405;0.769;1.589;1.3;0.0;0.0;0.0;0.0;6;7;14;15;64.3894207012206;0.000728289126568767;-612.2117632595322;DD;14.109004029485007;0.728053324207746;-1.4692154590040856;1580;-9.57790607858516e-09;63.42410920357796
100;-4.5;-3.0;7.5;9.0;0.769;0.6809999999999999;1.3;0.653;0.0;0.0;0.0;0.0;7;8;15;16;63.768077814755;0.00846793718068406;-326.50132766959706;DD;14.113329388979105;2.2257468774066873;-2.111561681118294;1410;-5.844687647597816e-07;63.13112474229231
101;-3.0;-1.5;9.0;10.5;0.6809999999999999;1.204;0.653;0.609;0.0;0.0;0.0;0.0;8;9;16;17;63.177242251263;0.0151484722468587;-216.1188523702995;DD;14.1113954675003;3.734948058905195;-2.1772389552758993;1541;2.0782451267163826e-06;63.295562448898494
102;-1.5;0.0;10.5;12.0;1.204;1.318;0.609;1.3539999999999999;0.0;0.0;0.0;0.0;9;10;17;18;61.4583724482755;0.00446514952067019;-612.4260138146195;DD;14.197654425159932;5.281548395795285;-1.5603556215756562;1408;9.582856828451916e-07;60.454342048069414
103;0.0;1.5;12.0;13.5;1.318;0.944;1.3539999999999999;1.228;0.0;0.0;0.0;0.0;10;11;18;19;60.2534218161957;0.00856398794323461;-775.3361699802053;DD;14.198611360268934;6.731068938871881;-1.5666591692178282;1216;6.386076467583377e-07;58.930923775428425
104;1.5;3.0;13.5;15.0;0.944;0.417;1.228;0.775;0.0;0.0;0.0;0.0;11;12;19;20;60.2064388787432;0.00214093744130195;-347.7008074798545;DD;14.219599636641064;8.214401125023974;-1.9841971134695322;1032;9.09772698413137e-07;59.547597638829274
105;-15.0;-13.5;-1.5;0.0;0.657;1.166;1.204;1.318;0.0;0.0;0.0;0.0;0;1;9;10;85.6310198179855;0.0124573877871199;-681.3419898952601;DD;15.967389238555441;-7.359410513305195;-2.2028816950409453;1635;2.4017829768309373e-07;85.46073208483031
106;-13.5;-12.0;0.0;1.5;1.166;1.6079999999999999;1.318;0.944;0.0;0.0;0.0;0.0;1;2;10;11;85.8686636310247;0.00173180925851187;-1226.4383481500586;DD;15.929303725548696;-6.047145575926865;-2.1305118869503072;1610;8.901550018639153e-08;84.54385515534169
107;-12.0;-10.5;1.5;3.0;1.6079999999999999;0.601;0.944;0.417;0.0;0.0;0.0;0.0;2;3;11;12;76.7652739539142;0.00385317379728844;-465.320647808138;DD;15.95542108745679;-4.752577169061625;-2.168572658206859;1467;2.035724630968364e-07;75.66829955654383
108;-10.5;-9.0;3.0;4.5;0.601;0.393;0.417;1.015;0.0;0.0;0.0;0.0;3;4;12;13;64.537395244715;0.00883857436201131;-314.43428625981346;DD;15.763560888520733;-2.9130182671909584;-2.343512058298613;882;-2.3356399776198653e-07;64.50308706875948
109;-9.0;-7.5;4.5;6.0;0.393;1.337;1.015;1.589;0.0;0.0;0.0;0.0;4;5;13;14;64.3609028205027;0.00153725105945535;-603.8455137991344;DD;15.855282939599887;-1.2479609757746208;-2.1700245513216454;1209;2.4463217446466977e-07;63.29430921879796
110;-7.5;-6.0;6.0;7.5;1.337;1.405;1.589;1.3;0.0;0.0;0.0;0.0;5;6;14;15;64.7822515877604;0.00058208718445992;-1274.2317146103812;DD;15.610544571728205;-0.007701178560058316;-1.8035994162398652;1260;3.0828919433535014e-07;63.33068202993934
111;-6.0;-4.5;7.5;9.0;1.405;0.769;1.3;0.653;0.0;0.0;0.0;0.0;6;7;15;16;65.4276511067657;0.0114297029783063;-647.4794720045365;DD;15.742591798783002;1.342352267291187;-2.1155691364789813;1400;8.998459170509209e-07;64.63111519084241
112;-4.5;-3.0;9.0;10.5;0.769;0.6809999999999999;0.653;0.609;0.0;0.0;0.0;0.0;7;8;16;17;67.8593292330183;0.00357787360348292;-295.9277048520154;DD;15.613974583553759;2.9666920823516167;-2.433617279535941;1474;1.1252772984406016e-07;66.50967356577728
113;-3.0;-1.5;10.5;12.0;0.6809999999999999;1.204;0.609;1.3539999999999999;0.0;0.0;0.0;0.0;8;9;17;18;65.4306633860005;0.00560784526368223;-586.7403376865532;DD;15.786216353446017;4.641512619310704;-2.136570266954762;1539;1.1810992285196655e-06;63.43354704199956
114;-1.5;0.0;12.0;13.5;1.204;1.318;1.3539999999999999;1.228;0.0;0.0;0.0;0.0;9;10;18;19;62.3734055154257;0.0108305124317527;-1044.6117130439923;DD;15.702937122861597;6.005024933447405;-1.9245834046281345;1492;3.488506715050083e-07;60.496860881531646
115;0.0;1.5;13.5;15.0;1.318;0.944;1.228;0.775;0.0;0.0;0.0;0.0;10;11;19;20;59.4817042417472;0.0105380205203492;-819.017620510726;DD;15.765522015028804;7.385932335556938;-2.1045404542282258;1530;2.6040573662823134e-07;58.02708912506989
116;-15.0;-13.5;0.0;1.5;0.657;1.166;1.318;0.944;0.0;0.0;0.0;0.0;0;1;10;11;80.4690599121418;0.013776693679571;-930.3904888881905;DD;17.513311616943177;-6.689084118156105;-2.7016325798755045;1442;6.375598722575147e-08;80.46593459295117
117;-13.5;-12.0;1.5;3.0;1.166;1.6079999999999999;0.944;0.417;0.0;0.0;0.0;0.0;1;2;11;12;72.1688587374862;0.00937825039915129;-1031.3333498069096;DD;17.519187054601492;-5.4088893628396955;-2.7087329597529726;1398;2.4015242962065446e-08;71.69000652654634
118;-12.0;-10.5;3.0;4.5;1.6079999999999999;0.601;0.417;1.015;0.0;0.0;0.0;0.0;2;3;12;13;60.2739458003293;0.00515035267208659;-594.6865919521706;DD;17.570228815949566;-3.8762111915935855;-2.200278518202637;1467;1.8337661375362765e-07;59.45662869168003
119;-10.5;-9.0;4.5;6.0;0.601;0.393;1.015;1.589;0.0;0.0;0.0;0.0;3;4;13;14;59.9681845780355;0.00513785950912201;-819.8013714782174;DD;17.369635606583376;-2.0423573698535273;-2.3727159892882552;1528;5.8688451715644264e-08;58.73886777902772
120;-9.0;-7.5;6.0;7.5;0.393;1.337;1.589;1.3;0.0;0.0;0.0;0.0;4;5;14;15;64.3940049192779;0.00515047686306053;-814.8800813112384;DD;17.382869598352837;-0.5591818621796761;-2.624833267955175;1519;1.8315621185092154e-07;62.74814484748214
121;-7.5;-6.0;7.5;9.0;1.337;1.405;1.3;0.653;0.0;0.0;0.0;0.0;5;6;15;16;69.3733786081349;0.0385273149065473;-1305.8169063413607;DD;17.2441323410262;0.6071531534000574;-2.4508669135951093;1484;1.964070569359008e-07;64.92124175923536
122;-6.0;-4.5;9.0;10.5;1.405;0.769;0.653;0.609;0.0;0.0;0.0;0.0;6;7;16;17;70.3058708961294;0.00570890510693166;-562.2348294425451;DD;17.243236993357655;2.083822152218891;-2.4376413170707276;1410;6.604032952712041e-07;68.50435048459943
123;-4.5;-3.0;10.5;12.0;0.769;0.6809999999999999;0.609;1.3539999999999999;0.0;0.0;0.0;0.0;7;8;17;18;69.8860735717729;0.011355656401806;-767.4507759745444;DD;17.288795469499476;3.8725162981368424;-2.3940878961673464;1541;9.158598084273627e-07;67.38162643934535
124;-3.0;-1.5;12.0;13.5;0.6809999999999999;1.204;1.3539999999999999;1.228;0.0;0.0;0.0;0.0;8;9;18;19;66.0284444310019;0.00954001763493207;-966.9739901122472;DD;17.29149905114768;5.364584930113652;-2.501900999771945;1491;3.252136106890849e-07;63.959083939036105
125;-1.5;0.0;13.5;15.0;1.204;1.318;1.228;0.775;0.0;0.0;0.0;0.0;9;10;19;20;61.671195904372;0.00651391251305804;-1069.7625470872263;DD;17.269847777621465;6.66022712966027;-2.4633027053742365;949;3.234178375100396e-07;60.07723437772418
126;-15.0;-13.5;1.5;3.0;0.657;1.166;0.944;0.417;0.0;0.0;0.0;0.0;0;1;11;12;68.8367888904414;0.00315269244640351;-760.7240874007546;DD;19.103194945995973;-6.050937325628261;-3.2832994221195393;1640;-7.454201955289371e-08;68.06912884458362
127;-13.5;-12.0;3.0;4.5;1.166;1.6079999999999999;0.417;1.015;0.0;0.0;0.0;0.0;1;2;12;13;57.8930012938371;0.00758969220493273;-1275.8401834018098;DD;19.133994783094266;-4.532101461721648;-2.736164311189901;1467;7.418807060862705e-08;56.60242458609519
128;-12.0;-10.5;4.5;6.0;1.6079999999999999;0.601;1.015;1.589;0.0;0.0;0.0;0.0;2;3;13;14;55.255302411362;0.0077282521453758;-1502.6525781287473;DD;19.17630353401221;-3.004048328490751;-2.2367585701852226;1399;8.1143073512272e-08;54.83045572660287
129;-10.5;-9.0;6.0;7.5;0.601;0.393;1.589;1.3;0.0;0.0;0.0;0.0;3;4;14;15;59.6293478096307;0.0023681860674001;-1074.4817065414363;DD;18.897222265336325;-1.3533421141632493;-2.826097918542933;1577;5.5172145246269306e-08;58.54081840347522
130;-9.0;-7.5;7.5;9.0;0.393;1.337;1.3;0.653;0.0;0.0;0.0;0.0;4;5;15;16;65.8658935102642;0.00485363547829103;-810.7236118029051;DD;19.016457367650833;0.0549307022691931;-3.2798947724825993;1579;6.380601115072022e-08;64.50908922804749
131;-7.5;-6.0;9.0;10.5;1.337;1.405;0.653;0.609;0.0;0.0;0.0;0.0;5;6;16;17;70.604146099031;0.000818741393863253;-1101.034682171633;DD;18.744777535600853;1.3484994353960238;-2.772893080867543;1547;2.3023866639601269e-07;68.91619176051363
132;-6.0;-4.5;10.5;12.0;1.405;0.769;0.609;1.3539999999999999;0.0;0.0;0.0;0.0;6;7;17;18;72.97500159356;0.0231465856667351;-1410.7331069524594;DD;18.918057879303372;2.989279810231292;-2.404096388955648;1474;2.839442025808816e-07;69.42415491867673
133;-4.5;-3.0;12.0;13.5;0.769;0.6809999999999999;1.3539999999999999;1.228;0.0;0.0;0.0;0.0;7;8;18;19;68.1799042307872;0.0186726519259175;-1229.3721193742044;DD;18.79407816720114;4.595818650676595;-2.75909414418018;1542;3.667035936869031e-07;68.05899820480124
134;-3.0;-1.5;13.5;15.0;0.6809999999999999;1.204;1.228;0.775;0.0;0.0;0.0;0.0;8;9;19;20;65.5976894007434;0.00686260190374517;-962.8968296470739;DD;18.85840970590755;6.019696292675468;-3.0436305123234924;1456;2.3445595128139454e-07;63.76957269006383
135;-15.0;-13.5;3.0;4.5;0.657;1.166;0.417;1.015;0.0;0.0;0.0;0.0;0;1;12;13;54.0733732585811;0.0161271587118965;-917.5924225916823;DD;20.71800267448875;-5.173940560936807;-3.3069024070733692;1640;-9.527564524338922e-09;54.429917134140275
136;-13.5;-12.0;4.5;6.0;1.166;1.6079999999999999;1.015;1.589;0.0;0.0;0.0;0.0;1;2;13;14;53.6816005092367;0.00471931865789426;-3145.2126923487;DD;20.74006950115691;-3.6600411690183434;-2.7695383076650235;1575;3.686660451086823e-09;52.77257716571362
137;-12.0;-10.5;6.0;7.5;1.6079999999999999;0.601;1.589;1.3;0.0;0.0;0.0;0.0;2;3;14;15;56.7975831862643;0.0108895059696736;-1926.455691915746;DD;20.703890192765158;-2.3153949014648716;-2.6862616187175297;1528;3.711697916642726e-08;55.03394019786292
138;-10.5;-9.0;7.5;9.0;0.601;0.393;1.3;0.653;0.0;0.0;0.0;0.0;3;4;15;16;61.9922858374564;0.000642800190954647;-1041.4798198154933;DD;20.53081003463432;-0.7390502735804864;-3.479147407317594;1576;4.627233484734243e-08;60.458148744574004
139;-9.0;-7.5;9.0;10.5;0.393;1.337;0.653;0.609;0.0;0.0;0.0;0.0;4;5;16;17;68.9778708158149;0.0107774477792931;-664.0198242625348;DD;20.51710256222549;0.795450485107228;-3.60216879440253;1560;1.7772034050338373e-07;68.35580452833116
140;-7.5;-6.0;10.5;12.0;1.337;1.405;0.609;1.3539999999999999;0.0;0.0;0.0;0.0;5;6;17;18;71.2797769754634;0.0071530370925997;-2699.3029739769763;DD;20.41959842154657;2.2535603388846277;-2.7384181323670176;1547;1.2577124099262732e-07;69.75970103405899
141;-6.0;-4.5;12.0;13.5;1.405;0.769;1.3539999999999999;1.228;0.0;0.0;0.0;0.0;6;7;18;19;72.0407824736249;0.00679597748934674;-2211.17959530981;DD;20.423340577005035;3.7129253089920553;-2.767999856807475;1542;2.0930575474156481e-07;70.00047626058632
142;-4.5;-3.0;13.5;15.0;0.769;0.6809999999999999;1.228;0.775;0.0;0.0;0.0;0.0;7;8;19;20;68.6502128583387;0.00730366631717145;-1195.0961312559593;DD;20.36098882196101;5.251252983868192;-3.300197571625457;1436;3.928834674430706e-07;67.83840753860395
143;-15.0;-13.5;4.5;6.0;0.657;1.166;1.015;1.589;0.0;0.0;0.0;0.0;0;1;13;14;52.3003968034867;0.00216458589581969;-2220.4775627703975;DD;22.324077392551395;-4.302042096719534;-3.3374248593238036;1575;9.25221051666154e-09;51.412631599776596
144;-13.5;-12.0;6.0;7.5;1.166;1.6079999999999999;1.589;1.3;0.0;0.0;0.0;0.0;1;2;14;15;54.7661897367857;0.000455718399038081;-3941.2142366020325;DD;22.26765615990986;-2.9715828078008104;-3.220440568529727;1571;7.681796063768005e-09;53.372589622013145
145;-12.0;-10.5;7.5;9.0;1.6079999999999999;0.601;1.3;0.653;0.0;0.0;0.0;0.0;2;3;15;16;58.1820821961241;0.00651600347605824;-1831.0719568441125;DD;22.337477962063154;-1.7029549249976572;-3.3323831674877487;1578;1.8025575674783397e-08;57.19449892550857
146;-10.5;-9.0;9.0;10.5;0.601;0.393;0.653;0.609;0.0;0.0;0.0;0.0;3;4;16;17;66.7725228013901;0.0214394408932533;-828.7059361456257;DD;22.031455229208973;0.0016785869432803672;-3.80129072611096;1600;5.1424427230880044e-08;64.15653827218198
147;-9.0;-7.5;10.5;12.0;0.393;1.337;0.609;1.3539999999999999;0.0;0.0;0.0;0.0;4;5;17;18;71.1291833809941;0.00633919022318017;-1590.4301625213266;DD;22.191923448171206;1.7028966004186887;-3.5602446501482445;1594;1.2929112240731057e-08;68.96865296986812
148;-7.5;-6.0;12.0;13.5;1.337;1.405;1.3539999999999999;1.228;0.0;0.0;0.0;0.0;5;6;18;19;70.4162825239318;0.0202514258665761;-4152.384805132915;DD;21.924881119248234;2.9772401918987246;-3.1024171571264496;1545;1.0683748599891348e-07;70.20728192279178
149;-6.0;-4.5;13.5;15.0;1.405;0.769;1.228;0.775;0.0;0.0;0.0;0.0;6;7;19;20;71.1977383893079;0.00186454314769432;-2109.8995263905545;DD;21.990251231764905;4.368117826240538;-3.3060724586487424;1546;2.502048260787547e-07;69.59571525318775
150;-15.0;-13.5;6.0;7.5;0.657;1.166;1.589;1.3;0.0;0.0;0.0;0.0;0;1;14;15;52.90950308492;0.00661786464768388;-2739.912526208174;DD;23.851664051304343;-3.613730122746741;-3.7898860625168287;1648;6.8604215510204376e-09;52.321111441612985
151;-13.5;-12.0;7.5;9.0;1.166;1.6079999999999999;1.3;0.653;0.0;0.0;0.0;0.0;1;2;15;16;57.7810170095277;0.00852433334796236;-3678.7147596190025;DD;23.901243929207855;-2.3589613547615293;-3.8695067877863853;1605;-8.748626100905567e-10;55.8279351462299
152;-12.0;-10.5;9.0;10.5;1.6079999999999999;0.601;0.653;0.609;0.0;0.0;0.0;0.0;2;3;16;17;61.6068435027988;0.00792520738432706;-1426.0971696530999;DD;23.838123156637806;-0.9614741903803024;-3.654432215772576;1576;5.542777086104147e-08;60.96723732031558
153;-10.5;-9.0;10.5;12.0;0.601;0.393;0.609;1.3539999999999999;0.0;0.0;0.0;0.0;3;4;17;18;66.046159552497;0.0011473644146691;-1939.1109406738944;DD;23.70627611515469;0.9085852238488035;-3.761102306239148;1560;7.715759628508228e-08;64.57151773717368
154;-9.0;-7.5;12.0;13.5;0.393;1.337;1.3539999999999999;1.228;0.0;0.0;0.0;0.0;4;5;18;19;70.9423838710353;0.00504987278980457;-2402.7491954962484;DD;23.69720614587287;2.425764936931641;-3.9256809352837454;1591;1.1063015381094326e-07;69.22901160535508
155;-7.5;-6.0;13.5;15.0;1.337;1.405;1.228;0.775;0.0;0.0;0.0;0.0;5;6;19;20;71.8544533879449;0.00865755194170107;-3900.296581139455;DD;23.491791774008103;3.632682040101895;-3.6408934122906746;1596;5.4569445107678524e-08;69.63003035872909
156;-15.0;-13.5;7.5;9.0;0.657;1.166;1.3;0.653;0.0;0.0;0.0;0.0;0;1;15;16;55.2907407376487;0.0120029640705577;-2524.3285527257913;DD;25.48525182060234;-3.0008495083822213;-4.442050293328103;1605;2.8797497706796233e-09;54.98931040621475
157;-13.5;-12.0;9.0;10.5;1.166;1.6079999999999999;0.653;0.609;0.0;0.0;0.0;0.0;1;2;16;17;60.7092591633628;0.0033450123584094;-2816.4430027424632;DD;25.40188912378251;-1.6178753608793555;-4.191510163562894;1592;1.7920510838283773e-08;59.78357941887022
158;-12.0;-10.5;10.5;12.0;1.6079999999999999;0.601;0.609;1.3539999999999999;0.0;0.0;0.0;0.0;2;3;17;18;62.5832240634334;0.00474945311160953;-3279.410415861504;DD;25.512944042583527;-0.05399937415569471;-3.6213030698294206;1593;3.8790080567995695e-08;61.39908117767707
159;-10.5;-9.0;12.0;13.5;0.601;0.393;1.3539999999999999;1.228;0.0;0.0;0.0;0.0;3;4;18;19;65.5417692864939;0.00653329232573717;-2885.1772814704864;DD;25.211558812856357;1.6316854637690952;-4.126091914606509;1594;2.7031256584112016e-08;64.71059343841371
160;-9.0;-7.5;13.5;15.0;0.393;1.337;1.228;0.775;0.0;0.0;0.0;0.0;4;5;19;20;71.0649450199111;0.0176545424028109;-2222.3753967767852;DD;25.264116800632735;3.0804139197513494;-4.468183439875354;1658;2.020617947557438e-08;68.48732036350034
161;-15.0;-13.5;9.0;10.5;0.657;1.166;0.653;0.609;0.0;0.0;0.0;0.0;0;1;16;17;59.9165874372258;0.00404981710960953;-1907.0334485598394;DD;26.985897015176995;-2.2601593785247545;-4.764169841275845;1605;8.697526350621391e-09;59.06577619980657
162;-13.5;-12.0;10.5;12.0;1.166;1.6079999999999999;0.609;1.3539999999999999;0.0;0.0;0.0;0.0;1;2;17;18;60.9426181227306;0.0126088395433505;-6385.37720305776;DD;27.076710009728227;-0.7100762106363572;-4.1551948338983635;1599;1.1515411816979387e-08;60.33600916596769
163;-12.0;-10.5;12.0;13.5;1.6079999999999999;0.601;1.3539999999999999;1.228;0.0;0.0;0.0;0.0;2;3;18;19;63.3640065797915;0.0091786194705477;-4821.389653312996;DD;27.01822674028519;0.6694840284625501;-3.985045458434146;1583;2.1422519397695278e-08;61.54990747892481
164;-10.5;-9.0;13.5;15.0;0.601;0.393;1.228;0.775;0.0;0.0;0.0;0.0;3;4;19;20;66.6271812714059;0.0212215619701264;-2632.970678415908;DD;26.778469467616226;2.28654388406103;-4.667569215840639;1606;8.827771345356476e-09;63.93143580164787
165;-15.0;-13.5;10.5;12.0;0.657;1.166;0.609;1.3539999999999999;0.0;0.0;0.0;0.0;0;1;17;18;61.1509109979865;0.0103246526055114;-4276.3082782847705;DD;28.660717901122712;-1.3520750557121066;-4.724734570693146;1582;8.20834769227667e-09;59.706431451345395
166;-13.5;-12.0;12.0;13.5;1.166;1.6079999999999999;1.3539999999999999;1.228;0.0;0.0;0.0;0.0;1;2;18;19;60.7064901724052;0.0151936996595401;-9268.584023486543;DD;28.58199270742989;0.013126510191122369;-4.519383470327479;1602;5.946752141940058e-09;60.55038098221662
167;-12.0;-10.5;13.5;15.0;1.6079999999999999;0.601;1.228;0.775;0.0;0.0;0.0;0.0;2;3;19;20;61.8563179145731;0.00484234072866251;-4354.031028779234;DD;28.58513739504506;1.3237029982123847;-4.522808581351276;1594;2.1535483264065267e-08;60.83087478259953
168;-15.0;-13.5;12.0;13.5;0.657;1.166;1.3539999999999999;1.228;0.0;0.0;0.0;0.0;0;1;18;19;61.2495222517899;0.0126691114918662;-6152.938268452826;DD;30.166000598824375;-0.6291485591094832;-5.089489606619494;1603;6.4851533054183696e-09;59.958054023099486
169;-13.5;-12.0;13.5;15.0;1.166;1.6079999999999999;1.228;0.775;0.0;0.0;0.0;0.0;1;2;19;20;60.6172515359673;0.00707669465618781;-8279.60996351542;DD;30.14890336218976;0.6672834246544425;-5.058713292451129;1597;4.612064790471008e-09;59.88125882420929
170;-15.0;-13.5;13.5;15.0;0.657;1.166;1.228;0.775;0.0;0.0;0.0;0.0;0;1;19;20;60.2081049611337;0.00443819428146223;-5454.9016036947;DD;31.732911253584245;0.024963030417324516;-5.630533156946912;1604;2.7787076372751348e-09;59.336420913335566
