Cell ID;error_absolute
0;82.48888658864075
1;19.839123291412935
2;20.784188082597357
3;12.314975938398984
4;87.66394176081204
5;24.238686993088315
6;12.411760242107361
7;82.71710184408397
8;24.14141619470067
9;12.408748500147993
10;23.9182251099566
11;22.551594212779897
12;21.94539059463162
13;13.039997227601154
14;24.107148698196045
15;23.883710570184878
16;13.106729632317919
17;21.632683588581216
18;12.545772474780021
19;25.006015005129825
20;45.96920663195673
21;79.49097
22;82.3716582462598
23;48.596434701581195
24;82.26608623205964
25;18.719550982468718
26;18.483397518219775
27;28.313557910242185
28;55.03057259684608
29;29.52120062136434
30;18.579755103463164
31;18.372286712524037
32;18.861281299084812
33;28.743956233695894
34;28.015437920449756
35;18.98347114806261
36;18.943004553958126
37;28.963553499518998
38;19.53005921400853
39;29.592167106564844
40;31.339616432294708
41;27.903079660141625
42;13.6594768785483
43;12.747164053565875
44;28.675167290268558
45;24.19648259756796
46;23.947975768675878
47;21.993361585544353
48;12.228261648331218
49;24.13001935907448
50;12.685192102782624
51;25.342401527803975
52;24.239427297134487
53;12.364721347379906
54;12.769514618794009
55;25.900964902581425
56;19.455301143375983
57;21.561608005363315
58;84.75411184733115
59;12.335947894066162
60;70.7093308770033
61;25.101796586152503
62;30.459475382014688
63;26.16505427445393
64;26.00428190047711
65;18.634586259591018
66;18.0271749205671
67;28.17603698745936
68;28.24697191357595
69;16.032082406401003
70;17.635457293722634
71;27.176713936126816
72;17.51509377198619
73;25.738070498262772
74;25.74341761291218
75;18.13641940267718
76;18.21173741527891
77;25.00367422745044
78;31.33019659269729
79;16.102377623360837
80;79.69835854760065
81;29.73274132510634
82;17.900625191109636
83;27.63370632762212
84;18.29112169334277
85;28.603973991299274
86;13.600025064561
87;12.099851095015701
88;61.31608732225063
89;93.16415030401193
90;26.493489083108248
91;24.846861003167824
92;28.165020763707336
93;82.50844159269748
94;24.164596938965783
95;23.8923961368217
96;29.15050287916486
97;23.725408021074642
98;28.608630008163534
99;24.42539118562006
100;27.217881858027372
101;24.97951250742746
102;27.5527836679508
103;23.90162147164226
104;27.6825948549173
105;24.35614834456676
106;28.766940392557256
107;82.9129162431889
108;26.214884357577258
109;28.46483924664275
110;23.637685218850017
111;31.15155909998965
112;21.49236400668237
113;27.266433054107907
114;23.726851229700554
115;27.441038383612913
116;23.035410372878854
117;26.91610552068443
118;23.941691275986766
119;29.553715781163945
120;22.123842007581032
121;47.0081204676185
122;21.05875508207411
123;17.030923978267737
124;23.376577779479685
125;29.587153288811223
126;25.174964045476997
127;31.478495217381173
128;24.773744423240306
129;28.747531542151513
130;79.23518503475434
131;46.262329994867244
132;25.43184309564655
133;27.328259871314796
134;26.159928533526
135;82.73545660495091
136;22.689241204358563
137;26.39795673416538
138;27.418846623067306
139;26.463520814484184
140;27.248383939968928
141;27.18054225393398
142;25.83300461645435
143;27.525803297854136
144;25.844802043924698
145;26.723075643977882
146;26.464327514105772
147;26.740299872159813
148;26.700049237305258
149;22.89082296516583
150;28.799294605596355
151;25.686650832134326
152;25.565125741664733
153;28.021364016912322
154;23.301217692865514
155;25.46495184641239
156;25.882281208672225
157;25.517281961188747
158;25.159768996171927
159;24.32017848939764
160;26.145744473319876
161;27.317668823448848
162;24.978111098070414
163;45.63174308910452
164;23.393207303280356
165;81.1782297618252
166;25.874220303931928
167;27.635277439293116
168;27.413020660704326
169;27.96110321761546
170;27.045242140874684
171;26.358222708141913
172;79.4376410252483
173;17.983886237525958
174;14.8258859914729
175;18.248584029412662
176;84.55624127617838
177;15.790370879636718
178;14.39641888969591
179;19.06292055093064
180;14.523310023588108
181;19.026392532219386
182;14.896855164831866
183;18.31819333097476
184;14.978242017609883
185;18.452447250338757
186;14.728531744025107
187;18.670752223131007
188;14.552641999800514
189;18.56327928363907
190;15.47571850696237
191;82.58707512021775
192;14.069224673191526
193;17.80898555009625
194;18.600389630071174
195;12.655739064079462
196;17.68553996680074
197;14.005873512604813
198;17.95830265221192
199;13.807149364370435
200;16.50302499743367
201;14.22081788190153
202;18.75733794035423
203;13.868214253853273
204;55.050577481582685
205;12.665207713062465
206;79.8167626732751
207;14.204049840064794
208;18.828685747549663
209;14.686435792524257
210;18.308227006622786
211;14.516402680710634
212;18.17857881136556
213;82.87016958747505
214;80.65341340620172
215;13.964720828082411
216;12.0695547698018
217;100.0779833219526
218;12.259936056887668
219;14.249267205390883
220;23.63774206414868
221;12.709025044583537
222;82.90939505337002
223;82.71862306643105
224;82.75225972982875
225;20.313570146230692
226;24.542431763869445
227;14.945277984815549
228;24.163556968701425
229;95.85594182186902
230;12.202854693102491
231;14.87200121048199
232;24.249214368773902
233;12.805451791653901
234;23.557736669421015
235;14.206202801486725
236;23.519165338473144
237;99.90812693489487
238;12.426161794038252
239;14.265528750052603
240;23.29231828503321
241;26.256848719684605
242;17.148353497320052
243;14.519362510327078
244;22.037562316049197
245;12.513704135840364
246;16.601348725146575
247;14.543977859562307
248;25.29396376141557
249;11.979112993088766
250;16.56710890385082
251;82.89635626167811
252;13.9014427924103
253;23.562809326949893
254;12.213121800147075
255;102.31749214781192
256;14.928140998089576
257;25.822203560607367
258;11.257023893475763
259;96.30211328741692
260;13.883653907054043
261;22.352365422664946
262;97.57494325397464
263;11.54025985134326
264;13.95368761364334
265;23.068612272605527
266;12.254538925441118
267;11.654939445948019
268;13.072477242226089
269;25.244664875008684
270;10.529953459201156
271;25.077689082363666
272;14.768192365824682
273;23.908673491639913
274;12.877153241163018
275;95.72804069779797
276;47.62983496204406
277;24.891826083866505
278;9.065563850569273
279;22.78768990952533
280;80.28088227491995
281;14.177385945855773
282;62.59745339421533
283;17.337740393513716
284;14.916138151144697
285;11.938920664478546
286;11.953029928253718
287;16.457317953708408
288;14.69015843074166
289;29.457658945432147
290;12.081505850355384
291;16.367619695694927
292;14.221526377078522
293;26.46793701438826
294;11.838522458393419
295;82.5164355234698
296;55.583584406813756
297;82.93670754627931
298;79.9486491630073
299;66.49883543190572
300;82.59552772372729
301;82.84684917911716
302;13.196046259935347
303;78.93044778633612
304;10.680364240348572
305;22.554012137091608
306;15.473007370161145
307;18.088998567418486
308;100.84587708930982
309;17.57277663655678
310;16.156627786291256
311;67.7745075403686
312;25.453707800094627
313;20.351356075157813
314;11.708504730163012
315;60.20794534465642
316;82.57012001750408
317;13.271003150149443
318;83.18918440183005
319;48.23046938574986
320;13.992078556618006
321;24.598143198317416
322;16.850135522711046
323;19.93783348077465
324;75.99422860588062
325;16.87033482660347
326;17.40401952091555
327;12.485060642651327
328;22.22152417033103
329;19.662555563281348
330;14.572752144133052
331;23.048341201211663
332;17.44845089560438
333;19.25643379713242
334;80.0052299880868
335;17.750540765663505
336;16.348005333637843
337;12.575509331517887
338;25.586608383368343
339;67.03399959796238
340;14.547051382785963
341;17.15272884348033
342;11.672949973558646
343;13.248049783316963
344;11.864745692974251
345;22.867263342253228
346;19.499313485138707
347;16.68505579921755
348;14.342257640865043
349;17.24063134232218
350;12.522538598916874
351;14.032258659204045
352;12.554561405246954
353;23.228510786305662
354;20.733844818167114
355;17.053237042946296
356;14.741182974140656
357;18.18880945721153
358;12.806855924521878
359;11.955190454616641
360;27.083330946975213
361;21.00367805471318
362;14.453545549607918
363;25.906332581117045
364;16.86269370072515
365;21.305137779103582
366;12.851120457580814
367;23.002715668915947
368;15.255144028368244
369;19.212233798619547
370;72.30804277572734
371;16.706729013537082
372;16.367769258257656
373;11.822606757667728
374;25.51969614469086
375;19.662899776515015
376;14.864702981575215
377;16.434933886922156
378;17.831360048245404
379;13.475105330068292
380;12.379608412634903
381;22.97563129092265
382;66.60190306829928
383;15.724110489046843
384;13.932433210211068
385;24.71973902518177
386;16.89089994155129
387;20.20019117397614
388;13.97483804368896
389;59.77807668368582
390;16.05364918719896
391;17.597216375769445
392;78.80916192575835
393;26.821150695094385
394;5.993438324329285
395;79.94113025911476
396;20.891456606432456
397;81.68527330561915
398;14.561412438479088
399;16.594146742625636
400;80.88867531929185
401;23.182131779024697
402;11.93747408846263
403;20.00575109730967
404;20.781168017779923
405;17.522061389451387
406;76.2816005981446
407;17.396747247579764
408;14.283657962578491
409;14.517315037773567
410;12.61683797419593
411;25.789556739810905
412;71.69029741316412
413;17.47064011952708
414;14.267630522081806
415;17.29476705673523
416;12.521058209514958
417;13.805499191874876
418;13.082131074128775
419;25.247199647308264
420;21.273641026628706
421;16.61014842927062
422;8.153839191986513
423;59.679129607205454
424;79.38386852280078
425;80.616032
426;85.91516137446693
427;22.161267794950138
428;26.855281602646645
429;17.523038600641573
430;30.313618221624758
431;23.860581974363704
432;85.44338796742628
433;13.239065297252093
434;14.458678357008628
435;87.35569369455992
436;8.559691302597516
437;18.497068853661226
438;85.78061166828893
439;78.69262397333085
440;83.06230187479744
441;6.370376616288998
442;56.27273873645873
443;82.87070348355915
444;75.10582272148514
445;30.431321262327767
446;13.534681716778472
447;24.463531088532037
448;18.4999492593685
449;19.01482608165801
450;26.71496500438974
451;23.908230486665797
452;11.198265806827397
453;10.166687629559089
454;12.731587556307545
455;13.76052386405078
456;7.917782034033224
457;18.55879374558855
458;13.78729683498242
459;22.970911234950293
460;18.762712319816817
461;17.83527419145241
462;30.07011492538926
463;96.28816313217867
464;11.364177215604302
465;10.372473740792625
466;12.166221664468061
467;13.542928295484854
468;8.67774493961727
469;26.487079072654794
470;18.500134023969576
471;94.6736049764405
472;13.856522304395433
473;12.556978205549571
474;9.661896000084846
475;13.794913534985207
476;9.468381118803125
477;13.323313571771012
478;7.892302034682647
479;25.6475712217429
480;10.35889027832885
481;12.618095120333644
482;19.13208580046789
483;98.77259376315516
484;10.5662526459977
485;12.320563742373613
486;12.719824419643299
487;13.707160824177063
488;10.192376749002172
489;66.91744023061808
490;8.7467135280967
491;28.243287089105117
492;10.209023539616846
493;16.60647374633186
494;20.006129229843168
495;24.24957089349828
496;16.541099464760926
497;10.016033053581182
498;63.65318398009224
499;13.04552090235013
500;11.390517788604301
501;18.641350886795564
502;14.370975845734348
503;26.46391985293614
504;19.244604328503222
505;21.017815046464584
506;13.30780116719286
507;23.033574708008114
508;17.30431357044044
509;18.354526271105147
510;30.093235776777213
511;23.214187389316933
512;12.118990350230838
513;11.27046607509726
514;12.783138389816619
515;13.250709996912118
516;8.805787823073024
517;18.25020641065575
518;29.75790288484614
519;95.0433676956281
520;12.4897909264215
521;9.938456722264318
522;13.155433560577203
523;65.72878566342096
524;10.18063637356217
525;63.06104621138121
526;8.89767974166763
527;29.216417753282098
528;13.200747323063407
529;17.568184002376913
530;13.802763734929943
531;24.85710380378111
532;18.72868473036866
533;19.22941249227256
534;26.643070718484232
535;85.79002655087508
536;17.179521900762218
537;21.32927394026212
538;80.54573448206516
539;14.926494260797023
540;12.41768113208382
541;8.016529976062346
542;79.50002403954258
543;10.440842127327244
544;79.547224
545;26.800530642661045
546;26.859831751351013
547;24.76223784751772
548;11.55479996554979
549;11.899966087914509
550;12.682772994369198
551;14.10105676293226
552;9.411192908435565
553;11.888775590650333
554;11.518332695965261
555;19.455644823352316
556;10.110904218636835
557;15.124181117522586
558;30.41531517057116
559;105.72885333282834
560;10.77748179695702
561;12.144936419680365
562;12.161828711862801
563;71.52929844698946
564;11.002494411460843
565;64.95739837422221
566;9.037431286789568
567;34.798127509753066
568;11.130819253436824
569;18.644180287062394
570;19.406938343771003
571;98.10812044538125
572;10.288583253198498
573;12.66317742531503
574;10.107757759441713
575;70.32330018512165
576;10.036798055376927
577;64.26694562708909
578;8.779624572329903
579;28.006892751715426
580;10.569977372495448
581;17.37414655552201
582;83.00113833448138
583;85.401483
584;78.90761008529745
585;10.15673761276702
586;82.75742010953579
587;82.88261074239071
588;11.285454090296215
589;79.51152190608084
590;61.67557879913897
591;83.319948
592;64.18366835664136
593;29.234728968585337
594;82.52768414810998
595;82.92419558954703
596;13.299176837163623
597;7.592583743697076
598;9.874648370669878
599;12.430087051055251
600;10.682097353123046
601;9.310401912549464
602;10.479443313773347
603;13.629898567347674
604;10.602532376406412
605;16.833681577026603
606;13.095346223645889
607;9.113294959490627
608;77.989006
609;14.247692569921195
610;15.466565014536028
611;5.523311446428135
612;13.837379731884452
613;9.87078775133868
614;78.39419120615703
615;8.401642275794538
616;14.649146011980775
617;99.755979
618;16.292941673698923
619;10.520388069395104
620;12.32990208484219
621;13.90492540706307
622;12.205480059460427
623;12.48054443644304
624;13.285954391792572
625;12.613488637232146
626;16.88880299551115
627;10.416096709083398
628;78.66307
629;12.991098868721782
630;8.312769091983604
631;12.870879666664974
632;84.979306
633;18.67274461913924
634;6.887843865878224
635;12.866852099911135
636;7.665835975453403
637;10.906846577948713
638;8.208963669409517
639;12.817363426174673
640;13.231197422506435
641;88.07887924210988
642;83.07603381759104
643;12.026828961480803
644;19.15672547642617
645;14.384354900381654
646;7.609180255022121
647;12.18401077616155
648;18.290377769763463
649;13.68936626975953
650;8.174750939120235
651;11.960009395696291
652;20.5290283362355
653;15.330156177408364
654;8.231776487726586
655;12.375430925507077
656;23.492624269308262
657;16.375973449967365
658;8.159736205644162
659;12.535155642649466
660;22.593062726922216
661;12.904944718178681
662;37.872999172898496
663;6.818145307288271
664;19.905266675505356
665;14.574102317177799
666;11.422795159813438
667;13.340968663587663
668;19.297886674910853
669;14.172194161966411
670;9.646708195394348
671;12.709725431352163
672;79.3096032205126
673;83.85995204402032
674;82.54806455934695
675;12.027864499135678
676;9.89800962640278
677;47.75771169187346
678;9.584108080864599
679;12.142116965209262
680;10.976767865011714
681;11.189780969362918
682;11.200826845477568
683;42.58385988698891
684;13.287113407941408
685;15.46046810696473
686;10.57565831769196
687;12.05758374691283
688;11.873866761760524
689;12.403049306092273
690;17.0582883079773
691;16.02648910404948
692;12.386111622637076
693;50.23862372674083
694;73.36141238985105
695;13.244243388394938
696;9.610518870758343
697;82.8248210123608
698;12.7024046972926
699;50.59445825297505
700;13.67312407446246
701;17.680557061963807
702;81.907116
703;23.623659792081366
704;85.134848
705;84.419645
706;11.486710333481987
707;44.412727412825404
708;13.98046945763829
709;15.845509436116455
710;13.5648691781105
711;14.964696420498202
712;10.736923727723648
713;41.70151197384625
714;11.360953340635172
715;44.6494126211756
716;14.714787120512936
717;16.035820956971598
718;82.61873947224493
719;6.936985596484712
720;52.469772444083844
721;6.396133930372717
722;55.23185207684209
723;6.79445008440318
724;57.6005360958639
725;6.8632953302037265
726;9.012621713690509
727;6.841652878223893
728;80.018929
729;14.91496074186101
730;53.033662069542686
731;10.216725700154687
732;54.844545670973766
733;6.847094964477245
734;83.23035583213951
735;85.00320289182682
736;13.62865217999934
737;87.62374309122531
738;57.294242810163524
739;9.31547887315671
740;13.077200851155254
741;6.579640228015491
742;13.955533738403442
743;77.01883886611029
744;13.527054046376435
745;13.974525936266701
746;75.74226101740848
747;13.157081194183704
748;29.997985713824733
749;13.664163135866733
750;13.962327719705128
751;7.133288554533839
752;14.576473020732045
753;80.12150700006605
754;13.980909344636386
755;6.657588997616876
756;34.2190280885199
757;14.87613980522208
758;15.148390541907007
759;27.99554041687969
760;80.30656148560372
761;75.92438064819649
762;75.14415045131264
763;79.6380370874514
764;14.716488930437391
765;11.92917053300038
766;6.612049283906897
767;8.036399432536975
768;75.56479494031986
769;6.97920833189586
770;37.73863728920588
771;14.886228247657643
772;26.376708464021828
773;49.02635456253693
774;85.48435168008699
775;82.91564403559924
776;82.51948749032786
777;78.513484
778;14.137817426592573
779;13.7179841173662
780;23.25261614433568
781;6.115781348393596
782;28.498260608188595
783;13.357480223528347
784;12.173406882056128
785;6.2639182835932035
786;27.606075886520735
787;12.880919236462272
788;8.548684160067538
789;13.790119540695265
790;8.40962587393717
791;77.48910050735549
792;79.83253436882521
793;13.7540938404714
794;25.59049125701936
795;30.502191455364816
796;82.35415860697434
797;94.94903109901712
798;78.98417468742889
799;86.12178090571841
800;76.89899788623126
801;8.193999318822765
802;71.57048113331972
803;6.004450658810925
804;22.88492787320239
805;25.931960802665397
806;24.30104325033794
807;6.491375966892312
808;18.998972589842342
809;69.73607124795844
810;73.48538741245089
811;68.659656
812;77.24493655395705
813;76.89350890762059
814;23.112050428917726
815;28.989254181391626
816;83.26891
817;63.827211
818;82.62482667031063
819;6.4450411761860735
820;86.48790877695568
821;80.71041147024597
822;32.190878544521155
823;77.1990097277446
824;55.73515307872792
825;55.27448212898323
826;34.6127757163473
827;20.595160519807163
828;6.67158786538637
829;79.136106
830;30.068006209291585
831;34.1629568515284
832;83.804485
833;85.491785
834;33.7200392243239
835;20.343372135540488
836;32.061707787397445
837;20.785186746640385
838;16.22144390742178
839;65.45136761955061
840;42.353032368859715
841;84.636661
842;81.061944
843;79.78312622485713
844;78.835252
845;72.36671759925193
846;79.16937546277245
847;78.79200168674019
848;17.75922041027503
849;40.08775310380665
850;78.15184041230796
851;10.516146800908883
852;9.178560585071562
853;61.15134306217782
854;82.40024894768322
855;18.2234607570408
856;103.139937
857;79.6742565112133
858;91.69093443474029
859;11.798998458749924
860;61.374433828413515
861;66.21999822266898
862;83.83422325011462
863;82.40219917083924
864;82.688736
865;79.171749
866;76.975527
867;63.66949932404924
868;80.96158
869;79.40002989203495
870;83.28098033027507
871;84.3389818632743
872;6.8779916963093966
873;81.296766
874;8.739061725286414
875;33.68562465071119
876;7.914730403636636
877;81.155763
878;10.370990355032017
879;21.556475700167116
880;80.22979278915618
881;77.28911936612498
882;9.70340849560711
883;83.43021495506328
884;15.872576352759511
885;78.22771067383518
886;75.54592474090111
887;33.17819398865294
888;93.21747095049835
889;78.25747496312043
890;23.16737887351688
891;43.18390051494138
892;71.655257
893;75.416199
894;75.2339423490666
895;34.82140622064372
896;82.302432
897;71.38471409343128
898;69.67965645373332
899;15.153180741484608
900;11.23929263057121
901;75.74864574353214
902;41.46670907844045
903;81.025491
904;80.580628
905;70.6795872414474
906;83.141291973242
907;84.153327
908;79.74503
909;74.99950710709565
910;76.76121503883321
911;77.20178666031212
912;43.306900175509895
913;34.64276167299953
914;30.703563917878057
915;23.177602248334313
916;82.424597
917;50.19236726250523
918;9.971764757315164
919;84.08162754100164
920;82.68618121495717
921;108.74234018940167
922;73.52666233473597
923;70.79264377099807
924;68.94992028342563
925;79.122873
926;80.717597
927;70.483897
928;110.03656082326053
929;57.905854396590236
930;23.72744253275493
931;83.74155592695175
932;10.668246313482614
933;48.054787
934;71.761114
935;83.444305
936;83.92652263374306
937;120.39813101446603
938;81.54356004878139
939;123.01402014977278
940;14.446219241953285
941;73.01596035016952
942;66.377393
943;78.074599
944;75.829841
945;77.90717
946;84.236969
947;14.581352338478203
948;73.915612
949;83.067903
950;78.880053
951;69.48792238309235
952;78.30285073974068
953;40.75687849381806
954;78.298674
955;80.1877691107731
956;60.23352199081558
957;75.6037538122739
958;77.964956
959;77.180192
960;84.623526
961;81.464942
962;82.60706219035515
963;73.09112661141083
964;82.281341
965;89.62025
966;83.427686
967;65.01382
968;51.627998995702995
969;70.206359
970;16.535488037530712
971;82.660578
972;43.13061167498137
973;9.016828547538621
974;75.343939
975;59.03769877435654
976;73.919832
977;71.17361144852146
978;72.73383957450834
979;57.393859097805766
980;75.628145
981;70.56625738791459
982;73.585877
983;77.934045
984;70.40830442740607
985;60.78833706671283
986;76.37803079950464
987;72.54145599590204
988;73.32581189307824
989;11.938696607545555
990;14.05045646249657
991;71.8585593170643
992;77.503981
993;72.38775085513937
994;70.24038707506406
995;78.615961
996;75.966679
997;12.543351527393241
998;76.778881
999;48.78635191885159
1000;71.18732248113129
1001;80.288063
1002;80.670984
1003;79.04881002281381
1004;80.17010663584685
1005;81.01485853041773
1006;81.42393677111345
1007;80.4057748329544
1008;79.11678675152791
1009;74.35926337505127
1010;78.91637102703153
1011;12.739779349406302
1012;71.82945675815317
1013;15.35573554303762
1014;42.677108
1015;45.104708799099505
1016;70.86060569536227
1017;55.32066929775648
1018;53.63225470006317
1019;12.775093332688117
1020;73.83039740180062
1021;72.85390955575448
1022;53.465382703518046
1023;14.162940402944143
1024;13.774936400742513
1025;67.23079967236589
1026;35.69146536869621
1027;13.830440933903049
1028;79.56115889822297
1029;79.945762
1030;58.68641180791504
1031;11.607556650186684
1032;19.600451442992824
1033;12.56194028178202
1034;50.99998589235267
1035;24.361478801414794
1036;37.87876988591122
1037;30.241998148203894
1038;83.288688
1039;79.54391310553167
1040;71.72440326947223
1041;16.980963763481842
1042;81.766169
1043;80.10337688174576
1044;43.658091
1045;63.116207
1046;71.060463
1047;81.988305
1048;61.973131043635945
1049;70.796149
1050;80.1905797379228
1051;84.49257750023095
1052;12.49661365959508
1053;14.960650441440274
1054;94.63584710258256
1055;19.62451693432543
1056;85.71628414243563
1057;81.16676265162221
1058;55.20228795009433
1059;107.32185
1060;14.423126297128517
1061;107.46948372393844
1062;124.955271
1063;122.99387915999054
1064;95.63682346088198
1065;10.795346970382687
1066;95.46902747171623
1067;15.289582422318253
1068;128.123693
1069;95.45685024934838
1070;83.52022458381644
1071;90.99878637095695
1072;72.49370472920053
1073;80.486711
1074;78.488028
1075;71.31894464160624
1076;79.656472
1077;68.78769610364684
1078;88.78587394421669
1079;83.874773
1080;81.93832820009163
1081;82.07810038668943
1082;83.63935918887543
1083;68.6198044162304
1084;56.65386354729288
1085;79.25430637811597
1086;64.399076
1087;71.92743588242362
1088;18.47946825785544
1089;79.36143081412715
1090;109.14903633172584
1091;85.05106738622908
1092;124.075167
1093;96.82385738180803
1094;120.124811
1095;125.391988
1096;15.397030804871646
1097;67.9626014273476
1098;14.123426962721025
1099;17.089839687882698
1100;79.183301
1101;79.7510790790739
1102;14.579636254136824
1103;64.45373602654294
1104;79.809084
1105;76.917344
1106;59.65523527049403
1107;72.13113866639081
1108;69.083755
1109;70.81413180563624
1110;116.255336
1111;43.09229989854364
1112;69.678104
1113;70.77970816390084
1114;82.926462
1115;78.457083
1116;53.61846072455585
1117;76.837281
1118;72.67017587427291
1119;72.641341
1120;19.52106033861136
1121;78.428551
1122;72.886544
1123;78.693078
1124;26.332691460145444
1125;52.79988247424352
1126;78.89141885324086
1127;78.452687
1128;72.611761
1129;71.51468628926831
1130;
1131;71.11394229820569
1132;84.22103560877737
1133;58.92331060180591
1134;52.74931300038943
1135;72.65180192851142
1136;77.015358
1137;73.057746
1138;76.663534
1139;77.879651
1140;72.006863
1141;76.738416
1142;77.287619
1143;72.567489
1144;65.16151370545747
1145;79.614109
1146;88.86023761534327
1147;83.66396
1148;70.520356
1149;72.16755314561951
1150;78.110349
1151;72.21263787329764
1152;54.15270273972388
1153;78.09985
1154;77.737777
1155;76.936789
1156;50.999993
1157;79.144281
1158;70.264815
1159;78.616201
1160;69.854109
1161;72.73139327127512
1162;83.034675
1163;77.870328
1164;78.18693
1165;77.586364
1166;115.26018
1167;72.46382734169164
1168;75.02273481888967
1169;78.106446
1170;77.405587
1171;77.087093
1172;61.24588792124132
1173;77.766695
1174;84.29537940767854
1175;79.516628
1176;57.7780233310455
1177;
1178;77.048162
1179;
1180;71.93640592706184
1181;77.082234
1182;77.63367
1183;77.442282
1184;78.211204
1185;77.258402
1186;77.291815
1187;78.699395
1188;111.245613
1189;
1190;76.651527
1191;76.840365
1192;76.61509
1193;
1194;76.442548
1195;76.916233
1196;78.555535
1197;78.057271
1198;76.744821
1199;
1200;76.475502
1201;
1202;76.659395
1203;77.156574
1204;
1205;
1206;76.329431
1207;75.769652
1208;76.114422
1209;
1210;
1211;
1212;77.415302
1213;76.180183
1214;77.665579
1215;76.388322
1216;
1217;
1218;72.732724
1219;72.833223
1220;76.330051
1221;
1222;76.395133
1223;76.459193
1224;76.316631
1225;76.172989
1226;76.021717
1227;
1228;
1229;
1230;75.129228
1231;
1232;
1233;
1234;76.526851
1235;
1236;77.091386
1237;75.952628
1238;75.445942
1239;
1240;
1241;
1242;
1243;
1244;
1245;
1246;
1247;
1248;
1249;
1250;
1251;70.67655042383902
1252;
1253;
1254;
1255;
1256;
1257;
1258;
1259;
1260;
1261;
1262;
1263;
1264;
1265;
1266;
1267;
1268;
1269;
1270;
1271;
1272;
1273;
1274;
1275;69.97734547472827
1276;
1277;
1278;
1279;
1280;
1281;
1282;
1283;
1284;
1285;
1286;70.46175068688736
1287;73.3031419758094
1288;69.8640167556973
1289;
1290;
1291;
1292;
1293;73.873433415547
1294;
1295;
1296;
1297;
1298;
1299;
1300;
1301;
1302;70.783271
1303;71.18365
1304;17.826673223228518
1305;77.06455967655111
1306;76.73487845387582
1307;76.70928338156874
1308;74.97393824042612
1309;74.71765036106774
1310;74.415894
1311;72.034515
1312;73.931102
1313;72.511458
1314;70.960586
1315;74.186867
1316;71.75087758253039
1317;72.1196
1318;69.882719
1319;69.667522
1320;65.824969
1321;69.421211
1322;70.846007
1323;75.263597
1324;67.694396
1325;70.138044
1326;70.324219
1327;68.911573
1328;66.684347
1329;
1330;84.335722
1331;84.995131
1332;83.959501
1333;81.334426
1334;84.074311
1335;83.976773
1336;83.303201
1337;82.009306
1338;83.506325
1339;82.907804
1340;82.575247
1341;80.938229
1342;79.070478
1343;82.375668
1344;81.581297
1345;81.895483
1346;83.466791
1347;82.685747
1348;83.154729
1349;82.868951
1350;81.217493
1351;81.94851
1352;79.658374
1353;79.105638
1354;81.451142
1355;80.342184
1356;80.995129
1357;81.010315
1358;79.048066
1359;79.70099
1360;80.79794
1361;79.555373
1362;81.854708
1363;80.171327
1364;82.126313
1365;81.549475
1366;81.517538
1367;80.882811
1368;80.42442
1369;79.828249
1370;82.056788
1371;79.846356
1372;81.318234
1373;78.903476
1374;80.272075
1375;81.507147
1376;78.79853
1377;79.405508
1378;75.432803
1379;73.487005
1380;77.902893
1381;84.346222
1382;80.203643
1383;83.322995
1384;80.948354
1385;80.667779
1386;80.947855
1387;77.928729
1388;77.803004
1389;95.633143
1390;77.550073
1391;79.37549508263423
1392;77.040456
1393;76.136414
1394;75.354125
1395;62.127665
1396;66.081517
1397;77.265737
1398;80.179841
1399;82.186141
1400;78.568074
1401;79.649713
1402;76.805323
1403;82.94421137931725
1404;81.806128
1405;83.61663219567443
1406;82.975292
1407;81.24016572631554
1408;75.45909843216195
1409;14.406464942585098
1410;72.91835178756685
1411;68.502923
1412;72.71431050140366
1413;73.27975283281788
1414;73.624637
1415;74.20204202584074
1416;71.94374292275303
1417;71.21298055878975
1418;83.102476
1419;81.557246
1420;72.1807902578243
1421;10.521982473416815
1422;81.9325957059042
1423;81.33186221347538
1424;103.36475016348334
1425;109.567243
1426;95.09822160131517
1427;105.038396
1428;98.371725
1429;103.142709
1430;90.09927
1431;107.481125
1432;89.922274
1433;117.914549
1434;96.835445
1435;102.275942
1436;81.359181
1437;75.423411
1438;102.592021
1439;114.921313
1440;64.085259
1441;104.863899
1442;111.468262
1443;127.300176
1444;85.797631
1445;85.401006
1446;74.908414
1447;73.459144
1448;79.464751
1449;64.98172
1450;101.249698
1451;126.79958
1452;118.048353
1453;129.84879
1454;93.962307
1455;115.516014
1456;67.814517
1457;118.00520479177796
1458;120.175788
1459;129.591049
1460;89.384845
1461;130.193568
1462;57.151069
1463;49.411571
1464;118.184556
1465;126.545399
1466;15.920080286786952
1467;73.42208805176602
1468;73.3759633863424
1469;73.42762548311092
1470;75.971051
1471;82.21469395825687
1472;72.43586967912292
1473;83.866008
1474;72.964927
1475;79.490057
1476;82.492203
1477;76.138137
1478;72.262284
1479;64.572089
1480;73.471763
1481;69.706938
1482;71.662186
1483;68.917648
1484;78.01995920540477
1485;67.265295
1486;67.197332
1487;65.100395
1488;71.957052
1489;70.180518
1490;71.398848
1491;67.057869
1492;65.06415
1493;63.881296
1494;65.4562
1495;55.750381
1496;55.144566
1497;72.293742
1498;56.628223
1499;64.306443
1500;56.852727
1501;57.036568
1502;62.863012
1503;78.55248
1504;56.49753
1505;56.926405
1506;57.782176
1507;61.980892
1508;60.625045
1509;52.774838
1510;63.810953
1511;86.834732
1512;60.131018
1513;55.080314
1514;61.965247
1515;60.138114
1516;62.834873
1517;58.914958
1518;63.930651
1519;55.160468
1520;58.550266
1521;65.082375
1522;56.249142
1523;62.271499
1524;53.99187
1525;57.870256
1526;54.176146
1527;54.407123
1528;58.494769
1529;67.589799
1530;53.755688
1531;58.550175
1532;52.127091
1533;52.347225
1534;57.064363
1535;82.016314
1536;69.455815
1537;77.869181
1538;55.9654
1539;47.814477
1540;53.716701
1541;52.476634
1542;55.405681
1543;51.976875
1544;60.343799
1545;53.566056
1546;50.678733
1547;51.827564
1548;
1549;54.170183
1550;52.744716
1551;45.766836
1552;57.527715
1553;55.702642
1554;48.639927
1555;68.340533
1556;50.27573
1557;55.66486
1558;51.959473
1559;54.265333
1560;49.703584
1561;47.598682
1562;53.834882
1563;50.701812
1564;58.813829
1565;77.006177
1566;71.629184
1567;80.072026
1568;52.305942
1569;54.670343
1570;52.053301
1571;51.297738
1572;54.284509
1573;56.394558
1574;52.643566
1575;50.475032
1576;55.27491
1577;69.654655
1578;48.132267
1579;57.362912
1580;63.753867
1581;72.350743
1582;53.594385
1583;50.873546
1584;47.861716
1585;48.274384
1586;50.171041
1587;51.62075
1588;46.692166
1589;48.321847
1590;46.775909
1591;80.286224
1592;43.819532
1593;50.911782
1594;52.926199
1595;48.604157
1596;49.014419
1597;46.446256
1598;49.487334
1599;44.264722
1600;48.809185
1601;49.895236
1602;51.183211
1603;46.302026
1604;49.686444
1605;50.559578
1606;44.830266
1607;45.67281
1608;45.274207
1609;45.297141
1610;44.287964
1611;42.935265
1612;45.818069
1613;50.899317
1614;48.520905
1615;46.991361
1616;45.567826
1617;48.426712
1618;45.249057
1619;52.178725
1620;50.237898
1621;53.751537
1622;53.378726
1623;53.534572
1624;46.476414
1625;50.107602
1626;45.791599
1627;50.671674
1628;46.275234
1629;46.328736
1630;44.666279
1631;47.581603
1632;46.758863
1633;44.754002
1634;43.691222
1635;49.319404
1636;46.499064
1637;49.88397
1638;46.854316
1639;47.969545
1640;47.074604
1641;49.101934
1642;48.497449
1643;49.635692
1644;51.581294
1645;48.484062
1646;50.881853
1647;49.10917
1648;47.280574
1649;45.150686
1650;48.546226
1651;45.214925
1652;45.709393
1653;46.979524
1654;44.623517
1655;46.33531
1656;44.809028
1657;47.015351
1658;46.057732
1659;47.372177
1660;45.997774
1661;48.079599
1662;
1663;50.45995
1664;46.817658
1665;46.006963
1666;49.590595
1667;44.064025
1668;45.751413
1669;52.817837
1670;50.590944
1671;45.81714
1672;45.243151
1673;44.575166
1674;44.202034
1675;44.873035
1676;44.305934
1677;44.399757
1678;44.137998
1679;44.026344
1680;43.559617
1681;44.49376
1682;43.548149
1683;45.226172
1684;43.937716
1685;45.326855
1686;44.061095
1687;43.293533
1688;43.612907
1689;45.017845
1690;43.209254
1691;43.515349
1692;43.75657
1693;43.902079
1694;42.941688
1695;43.016743
1696;43.610721
1697;52.052622
1698;
1699;43.651784
1700;
1701;43.309109
1702;43.628979
1703;43.343575
1704;43.189323
1705;43.301026
1706;42.807425
1707;44.403433
1708;43.207823
1709;43.050471
1710;43.503798
1711;43.045473
1712;43.925053
1713;43.4504
1714;42.987334
1715;42.804793
1716;44.848718
1717;43.247649
1718;43.541797
1719;43.182072
1720;44.211867
1721;43.080081
1722;42.798163
1723;42.77969
1724;42.930562
1725;45.155855
1726;43.34728
1727;43.030826
1728;43.774149
1729;44.639914
1730;44.534426
1731;43.49342
1732;43.438183
1733;42.693942
1734;43.123826
1735;43.674193
1736;42.817849
1737;43.3881
1738;43.922343
1739;44.595261
1740;106.6563250633186
1741;44.997929
1742;43.812242
1743;44.711918
1744;43.438104
1745;43.387413
1746;43.24664
1747;43.03575
1748;43.820548
1749;44.077299
1750;42.991514
1751;43.833491
1752;42.728292
1753;42.740015
1754;45.118888
1755;
1756;46.362114
1757;45.937291
1758;
1759;
1760;
1761;44.05753
1762;
1763;44.154093
1764;43.757304
1765;
1766;
1767;
1768;
1769;43.141825
1770;42.890601
1771;43.442693
1772;
1773;42.808876
1774;42.742183
1775;47.119349
1776;63.613404
1777;44.645776
1778;45.812941
1779;43.631715
1780;42.777842
1781;44.823331
1782;48.262064
1783;42.741573
1784;121.59835165831926
1785;42.964662
1786;43.25505
1787;44.870113
1788;46.82866
1789;56.490797
1790;55.768383
1791;42.980246
1792;77.5763849058394
1793;43.119883
1794;43.168116
1795;43.32921
1796;
1797;43.507978
1798;42.910714
1799;84.61006911112412
1800;84.20731235412576
1801;86.61545168790077
1802;93.151482
1803;81.509251
1804;80.652767
1805;79.604657
1806;80.76329
1807;80.593839
1808;81.621535
1809;79.456206
1810;79.888617
1811;63.4292298414688
1812;60.21127977300902
1813;68.560911
1814;67.093900022308
1815;77.790357
1816;77.095232
1817;76.672444
1818;76.22264
1819;77.516848
1820;77.346808
1821;79.420761
1822;77.481704
1823;79.62841
1824;78.064628
1825;74.522862
1826;75.02609
1827;71.194138
1828;72.246544
1829;
1830;75.426144
1831;75.436569
1832;74.019695
1833;71.411192
1834;73.768819
1835;76.47944
1836;75.788417
1837;75.570636
1838;75.974859
1839;74.77381
1840;74.726911
1841;74.557791
1842;73.288321
1843;72.602361
1844;70.716457
1845;71.870916
1846;71.716407
1847;68.641061
1848;68.716557
1849;70.343874
1850;69.53715
1851;69.142503
1852;67.87282
1853;68.357628
1854;68.12793
1855;66.971249
1856;70.809723
1857;69.620113
1858;66.320696
1859;70.055698
1860;
1861;66.466718
1862;65.109429
1863;67.974479
1864;
1865;66.759168
1866;65.687631
1867;66.930234
1868;64.225727
1869;64.642059
1870;67.102607
1871;69.679718
1872;
1873;67.12351
1874;69.699375
1875;
1876;
1877;76.643016
1878;77.078886
1879;76.793975
1880;76.591425
1881;75.64979
1882;75.956092
1883;
1884;
1885;
1886;
1887;
1888;
1889;
1890;
1891;
1892;
1893;
1894;
1895;
1896;
1897;
1898;
1899;
1900;68.627096
1901;68.756726
1902;
1903;
1904;
1905;
1906;
1907;
1908;
1909;
1910;
1911;
1912;
1913;
1914;
1915;
1916;
1917;
1918;
1919;
1920;
1921;
1922;
1923;
1924;
1925;
1926;
1927;
1928;
1929;
1930;
1931;
1932;
1933;
1934;
1935;
1936;
1937;
1938;
1939;
1940;
1941;
1942;
1943;
1944;
1945;
1946;
1947;
1948;
1949;
1950;
1951;
1952;
1953;
1954;
1955;
1956;
1957;
1958;
1959;
1960;
1961;
1962;
1963;
1964;
1965;
1966;
1967;
1968;
1969;
1970;
1971;
1972;
1973;
1974;68.14915895694493
1975;68.890568
1976;69.16525130637889
1977;69.035001
1978;66.758314
1979;69.978312
1980;68.293132
1981;71.16868
1982;67.576977
1983;68.398441
1984;81.379306
1985;81.608121
1986;81.030632
1987;81.102313
1988;81.409185
1989;82.206664
1990;80.801544
1991;81.004498
1992;81.401522
1993;82.160758
1994;80.074204
1995;80.269638
1996;80.079442
1997;80.313963
1998;79.479668
1999;78.825435
2000;80.118237
2001;80.732667
2002;79.351228
2003;79.970557
2004;79.44147
2005;
2006;78.998038
2007;78.424137
2008;
2009;
2010;75.785686
2011;76.390822
2012;74.212485
2013;75.70147179171288
2014;77.48824
2015;76.513235
2016;19.86871095480762
2017;71.29224085400693
2018;115.51061258916738
2019;111.43779116497271
2020;112.20570302095739
2021;94.50445992863169
2022;112.107332
2023;115.25124674734795
2024;105.201073
2025;65.487661
2026;112.517711
2027;125.04162092461371
2028;96.557323
2029;111.59966055627596
2030;63.329833
2031;50.009609
2032;66.989413
2033;68.885994
2034;73.966152
2035;58.26589
2036;65.325741
2037;64.230681
2038;67.398714
2039;71.608182
2040;61.027578
2041;61.154408
2042;64.799803
2043;64.0237
2044;67.948019
2045;67.642657
2046;65.249266
2047;63.317849
2048;62.763198
2049;61.305031
2050;62.408644
2051;58.810336
2052;57.9627
2053;59.44842
2054;60.223386
2055;65.103802
2056;52.414681
2057;59.32655
2058;51.677086
2059;56.675735
2060;61.478479
2061;64.766445
2062;51.695713
2063;69.713781
2064;60.549978
2065;57.863278
2066;56.186797
2067;52.542718
2068;53.700453
2069;50.096007
2070;47.151651
2071;74.371621
2072;59.70315
2073;61.368054
2074;48.407761
2075;80.886611
2076;47.100686
2077;47.273508
2078;46.9566
2079;49.342387
2080;49.341128
2081;49.223774
2082;50.290245
2083;49.471334
2084;51.676317
2085;48.182988
2086;51.010021
2087;51.225332
2088;52.136811
2089;51.375362
2090;50.591222
2091;51.346174
2092;52.810674
2093;
2094;50.118758
2095;50.252106
2096;51.625567
2097;51.201474
2098;49.908028
2099;49.03535
2100;52.491462
2101;53.560277
2102;52.506352
2103;51.732593
2104;54.343504
2105;54.144818
2106;52.684457
2107;53.510739
2108;53.942799
2109;54.641791
2110;47.869326
2111;47.853934
2112;54.448983
2113;53.946897
2114;54.220197
2115;55.223251
2116;53.851611
2117;54.709599
2118;58.574102
2119;55.035561
2120;54.679977
2121;56.444246
2122;52.957565
2123;53.890971
2124;55.470385
2125;56.659204
2126;59.169486
2127;
2128;64.963854
2129;59.057258
2130;64.947894
2131;58.471606
2132;72.556543
2133;69.26052
2134;
2135;
2136;
2137;52.953757
2138;
2139;
2140;48.739591
2141;51.056655
2142;
2143;
2144;56.214663
2145;57.373671
2146;60.878346
2147;57.176096
2148;
2149;
2150;55.698458
2151;
2152;58.557927
2153;60.993386
2154;
2155;52.270511
2156;46.448266
2157;45.58024
2158;46.828139
2159;45.995005
2160;45.535168
2161;44.835489
2162;47.226783
2163;47.278343
2164;44.532056
2165;44.382038
2166;49.746016
2167;53.131945
2168;47.162033
2169;46.289809
2170;48.486908
2171;
2172;48.481699
2173;45.21749
2174;46.585501
2175;46.330025
2176;
2177;45.772922
2178;
2179;
2180;
2181;
2182;
2183;50.325134
2184;
2185;
2186;
2187;
2188;
2189;
2190;
2191;54.616884
2192;
2193;
2194;
2195;
2196;
2197;
2198;
2199;
2200;
2201;
2202;
2203;
2204;
2205;
2206;
2207;
2208;
2209;
2210;
2211;
2212;
2213;
2214;
2215;
2216;
2217;
2218;
2219;
2220;
2221;
2222;
2223;
2224;77.771408
2225;
2226;
2227;
2228;
2229;61.909037
2230;69.054318
2231;
2232;
2233;
2234;
2235;
2236;
2237;
2238;42.855924
2239;42.723344
2240;42.830813
2241;42.855539
2242;43.357315
2243;43.218475
2244;43.895408
2245;96.7654928626106
2246;43.404355
2247;44.062729
2248;43.601236
2249;56.884599458297245
2250;45.519076
2251;45.283318
2252;42.80984
2253;43.025164
2254;42.705386
2255;42.683339
2256;78.574947
2257;
2258;69.396249
2259;65.218422
2260;64.720253
2261;
2262;
2263;
2264;
2265;
2266;
2267;
2268;
2269;
2270;
2271;
2272;75.585902
2273;
2274;
2275;
2276;
2277;
2278;
2279;
2280;
2281;
2282;
2283;
2284;
2285;
2286;
2287;
2288;
2289;
2290;
2291;
2292;
2293;
2294;
2295;
2296;
2297;
2298;
2299;
2300;
2301;
2302;
2303;
2304;
2305;
2306;
2307;
2308;
2309;
2310;
2311;
2312;
2313;
2314;
2315;
2316;
2317;76.36901
2318;
2319;
2320;
2321;
2322;
2323;
2324;
2325;
2326;77.36442
2327;
2328;
2329;
2330;
2331;
2332;
2333;
2334;
2335;
2336;76.661797
2337;
2338;
2339;76.541403
2340;76.469204
2341;
2342;77.16449
2343;76.965627
2344;76.730984
2345;76.621883
2346;76.814614
2347;
2348;
2349;
2350;
2351;
2352;
2353;
2354;
2355;
2356;
2357;
2358;
2359;
2360;
2361;
2362;
2363;
2364;
2365;
2366;
2367;
2368;
2369;
2370;
2371;
2372;
2373;
2374;
2375;
2376;
2377;
2378;
2379;
2380;
2381;
2382;
2383;
2384;
2385;
2386;
2387;
2388;
2389;
2390;
2391;
2392;
2393;
2394;
2395;
2396;
2397;
2398;
2399;
2400;
2401;
2402;
2403;
2404;
2405;
2406;
2407;
2408;
2409;
2410;
2411;
2412;
2413;
2414;
2415;
2416;
2417;
2418;
2419;
2420;
2421;
2422;
2423;
2424;
2425;
2426;
2427;
2428;
2429;
2430;
2431;
2432;
2433;
2434;
2435;
2436;
2437;
2438;
2439;
2440;
2441;
2442;
2443;
2444;
2445;
2446;
2447;
2448;
2449;
2450;
2451;
2452;
2453;
2454;
2455;
2456;
2457;
2458;
2459;
2460;
2461;
2462;
2463;
2464;
2465;
2466;
2467;
2468;
2469;
2470;
2471;
2472;
2473;
2474;
2475;
2476;
2477;
2478;
2479;
2480;
2481;
2482;
2483;
2484;
2485;
2486;
2487;
2488;
2489;
2490;
2491;
2492;
2493;
2494;
2495;
2496;
2497;
2498;
2499;
2500;
2501;
2502;67.488488
2503;65.030956
2504;70.835475
2505;69.324936
2506;78.808285
2507;
2508;73.91992
2509;75.219047
2510;73.195761
2511;72.496891
2512;74.899782
2513;79.150456
2514;71.683642
2515;73.030242
2516;79.01839
2517;77.701039
2518;75.564646
2519;71.912705
2520;75.215009
2521;73.107981
2522;72.728109
2523;73.569728
2524;72.440243
2525;66.293988
2526;68.779844
2527;64.630066
2528;70.006348
2529;69.647115
2530;71.226696
2531;72.94854532639515
2532;68.549993
2533;71.277749
2534;79.08755197409043
2535;79.25859800795837
2536;102.600166
2537;102.73830056087226
2538;65.19219
2539;63.711688
2540;67.385023
2541;66.260217
2542;70.176456
2543;68.680092
2544;67.446329
2545;69.672813
2546;68.739596
2547;66.158736
2548;66.182664
2549;68.920437
2550;67.460469
2551;64.168217
2552;69.980832
2553;71.713451
2554;69.945412
2555;71.7976775846783
2556;74.30590263808288
2557;72.120754
2558;76.84078848189547
2559;74.57466860232708
2560;69.790078
2561;61.883991
2562;73.823289
2563;65.375302
2564;67.794564
2565;68.059724
2566;69.807625
2567;68.109828
2568;70.847665
2569;71.620801
2570;71.131053
2571;73.349594
2572;74.021458
2573;
2574;67.731848
2575;65.451268
2576;66.502475
2577;64.501618
2578;63.143803
2579;62.712927
2580;75.737807
2581;69.501094
2582;71.473017
2583;72.663354
2584;64.431722
2585;60.629156
2586;74.782742
2587;72.599025
2588;67.016219
2589;63.130845
2590;70.940469
2591;68.448864
2592;73.317376
2593;
2594;66.535756
2595;65.915529
2596;66.253541
2597;64.808526
2598;67.474302
2599;66.685224
2600;64.07743
2601;62.959195
2602;74.183433
2603;71.316583
2604;73.526892
2605;72.191413
2606;74.936491
2607;
2608;70.796463
2609;70.012518
2610;71.739167
2611;64.040396
2612;74.160153
2613;
2614;
2615;
2616;65.525342
2617;59.371901
2618;59.023141
2619;61.871609
2620;
2621;63.811481
2622;64.471442
2623;62.921864
2624;66.409793
2625;65.011581
2626;62.009416
2627;60.933056
2628;68.103353
2629;65.693302
2630;
2631;62.122761
2632;63.28755
2633;60.169955
2634;
2635;
2636;
2637;
2638;
2639;
2640;73.705884
2641;
2642;
2643;
2644;
2645;
2646;
2647;
2648;
2649;
2650;
2651;
2652;
2653;
2654;57.274284
2655;60.065459
2656;61.080734
2657;59.393704
2658;56.867428
2659;57.673516
2660;57.615944
2661;59.938323
2662;58.588458
2663;59.073786
2664;60.17003
2665;59.900919
2666;
2667;
2668;
2669;
2670;
2671;
2672;
2673;
2674;
2675;
2676;88.57427
2677;89.521571
2678;92.918863
2679;86.619665
2680;70.965981
2681;75.983885
2682;71.977262
2683;83.702052
2684;68.878974
2685;76.097638
2686;86.244436
2687;78.728721
2688;101.276376
2689;98.429527
2690;110.825917
2691;114.817326
2692;58.565318
2693;59.601547
2694;55.594672
2695;56.496385
2696;
2697;
2698;
2699;
2700;
2701;
2702;
2703;
2704;
2705;
2706;
2707;
2708;
2709;
2710;
2711;
2712;
2713;
2714;
2715;
2716;
2717;
2718;
2719;
2720;
2721;
2722;48.869034
2723;
2724;
2725;
2726;
2727;
2728;
2729;
2730;
2731;
2732;
2733;
2734;
2735;
2736;
2737;
2738;
2739;
2740;
2741;
2742;
2743;
2744;
2745;
2746;
2747;
2748;
2749;
2750;
2751;
2752;
2753;
2754;
2755;
2756;
2757;
2758;
2759;
2760;
2761;
2762;
2763;
2764;
2765;
2766;
2767;
2768;
2769;
2770;
2771;60.345456
2772;
2773;60.958591
2774;
2775;
2776;
2777;
2778;
2779;
2780;
2781;
2782;
2783;43.587097
2784;
2785;
2786;
2787;
2788;
2789;
2790;43.59963
2791;
2792;
2793;
2794;43.033229
2795;43.360753
2796;
2797;43.138708
2798;
2799;43.628139
2800;
2801;
2802;
2803;43.399684
2804;
2805;
2806;
2807;
2808;
2809;44.009664
2810;
2811;
2812;
2813;
2814;
2815;
2816;
2817;
2818;
2819;
2820;46.319581
2821;43.420044
2822;44.275609
2823;43.690532
2824;
2825;
2826;
2827;43.564812
2828;44.689103
2829;
2830;44.895369
2831;44.40173
2832;
2833;45.084084
2834;44.784406
2835;43.913563
2836;43.493587
2837;43.243912
2838;44.762232
2839;43.985359
2840;68.44122365006848
2841;51.771418
2842;44.425196
2843;44.853861
2844;45.588044
2845;44.383911
2846;48.139643
2847;45.766879
2848;45.228254
2849;46.827734
2850;49.49682
2851;65.237065
2852;44.280037
2853;46.783369
2854;51.036806
2855;50.306946
2856;48.852171
2857;104.512861
2858;51.100791
2859;47.701327
2860;76.553935
2861;55.640726
2862;79.115733
2863;80.263692
2864;79.79258
2865;79.228423
2866;80.124522
2867;79.375837
2868;79.01604
2869;79.390454
2870;79.061943
2871;78.905908
2872;79.574432
2873;79.817958
2874;79.43628
2875;79.657311
2876;78.935285
2877;79.069095
2878;79.629227
2879;80.082239
2880;78.753227
2881;78.613052
2882;
2883;78.31066
2884;78.312341
2885;78.307491
2886;79.864559
2887;79.843062
2888;79.304569
2889;79.590385
2890;79.192797
2891;
2892;79.010659
2893;78.380243
2894;78.702631
2895;
2896;
2897;65.545919
2898;63.945362
2899;
2900;
2901;
2902;
2903;
2904;
2905;
2906;
2907;
2908;
2909;
2910;
2911;
2912;
2913;
2914;
2915;
2916;
2917;
2918;
2919;
2920;
2921;
2922;
2923;
2924;
2925;
2926;
2927;
2928;
2929;
2930;
2931;
2932;
2933;
2934;
2935;
2936;
2937;
2938;67.562614
2939;67.043795
2940;70.595226
2941;66.040837
2942;78.033364
2943;78.247473
2944;75.605055
2945;73.835188
2946;72.759471
2947;72.61958
2948;73.032744
2949;75.577725
2950;112.07696344624297
2951;109.36985859229965
2952;105.89335699575918
2953;103.62145462388672
2954;108.311315
2955;107.905274
2956;96.93634665271439
2957;115.36424074149244
2958;108.94160938934587
2959;103.261834
2960;90.57401481636674
2961;85.14231079008064
2962;103.53544160856012
2963;103.55023332257115
2964;105.63783031345798
2965;107.439077
2966;99.161208
2967;94.10201804324717
2968;103.241394
2969;102.022936
2970;100.614064
2971;81.65881859028767
2972;96.149508
2973;97.67448347123198
2974;98.3572173098085
2975;86.4815925151
2976;88.48084003806609
2977;86.12820791481371
2978;86.147614
2979;88.01444527304089
2980;91.26058991833894
2981;92.42802031357978
2982;79.05639788909059
2983;90.37814224839504
2984;110.50370700091327
2985;91.431183
2986;114.8232649897748
2987;113.70037177083053
2988;76.096369
2989;86.468652
2990;81.183406
2991;96.899035
2992;84.569882
2993;97.658911
2994;89.777786
2995;85.780497
2996;88.315057
2997;76.431961
2998;76.264235
2999;67.82918372616864
3000;87.724862
3001;84.07792
3002;81.150705
3003;80.682583
3004;77.358974
3005;58.550257
3006;70.866778
3007;71.929267
3008;76.9806001285137
3009;91.744879
3010;71.650047
3011;51.613165
3012;80.31376814679048
3013;83.92401786949917
3014;70.190571
3015;55.024685
3016;51.035694
3017;48.185943
3018;65.075606
3019;54.006788
3020;70.82441602774564
3021;51.70925
3022;74.5366793884925
3023;62.34077593674762
3024;82.529568
3025;64.839548
3026;70.467993
3027;59.673203
3028;59.831079
3029;56.094118
3030;74.61557548569411
3031;70.78008194591887
3032;62.61483866754952
3033;69.31782561279661
3034;64.99956602489645
3035;67.55055917598541
3036;49.497872
3037;25.215778635998614
3038;55.0842148654054
3039;62.475421102098856
3040;47.260532332325944
3041;30.664265546519214
3042;65.95590150669456
3043;75.45406169090028
3044;63.49723370823511
3045;73.58202101788633
3046;59.844302
3047;56.311466
3048;60.650984
3049;61.715095
3050;77.00909
3051;75.858203
3052;77.857589
3053;76.232896
3054;78.039967
3055;73.034855
3056;76.693183
3057;76.530672
3058;76.977121
3059;78.420101
3060;77.300505
3061;75.025176
3062;79.66835
3063;79.030464
3064;80.081739
3065;79.546051
3066;80.495612
3067;79.497871
3068;79.077745
3069;78.469354
3070;79.198621
3071;76.681131
3072;75.236443
3073;74.304838
3074;75.493822
3075;74.137973
3076;77.329597
3077;76.784756
3078;
3079;
3080;
3081;
3082;
3083;
3084;
3085;
3086;
3087;
3088;
3089;
3090;
3091;
3092;
3093;
3094;
3095;
3096;78.551175
3097;
3098;
3099;
3100;
3101;
3102;
3103;77.575367
3104;
3105;
3106;
3107;
3108;
3109;
3110;
3111;
3112;
3113;
3114;
3115;90.052986
3116;94.618087
3117;74.392126
3118;77.132871
3119;85.349071
3120;106.691937
3121;93.733237
3122;99.142464
3123;94.29352
3124;100.91020197563597
3125;107.069882
3126;86.522794
3127;104.139583
3128;91.96612
3129;
3130;
3131;
3132;
3133;
3134;
3135;
3136;
3137;52.184087
3138;
3139;
3140;
3141;
3142;51.491639
3143;
3144;
3145;51.266407
3146;51.070306
3147;
3148;
3149;
3150;
3151;
3152;43.025752
3153;43.290434
3154;43.363193
3155;50.442242
3156;43.165841
3157;43.749725
3158;43.251938
3159;44.080259
3160;43.56669
3161;44.372566
3162;45.342666
3163;44.47665
3164;44.354832
3165;45.225676
3166;44.587943
3167;45.168278
3168;43.676319
3169;44.294217
3170;44.683103
3171;
3172;45.377921
3173;46.396405
3174;45.756564
3175;45.351247
3176;46.784185
3177;46.082218
3178;45.955258
3179;
3180;50.86812750327513
3181;47.924046
3182;45.139232
3183;46.856774
3184;46.46083
3185;
3186;54.387051
3187;44.630229
3188;44.939305
3189;44.5782
3190;46.603606
3191;48.131894
3192;50.542036
3193;50.225687
3194;49.179055
3195;47.600116
3196;49.44547
3197;79.030387
3198;78.274886
3199;
3200;
3201;78.291039
3202;78.524394
3203;78.212303
3204;
3205;
3206;
3207;77.95624
3208;78.447703
3209;
3210;78.581921
3211;
3212;65.432331
3213;64.562433
3214;67.654971
3215;65.108335
3216;63.728592
3217;
3218;
3219;
3220;74.841795
3221;73.89502
3222;74.644741
3223;
3224;
3225;
3226;
3227;
3228;
3229;
3230;
3231;
3232;
3233;
3234;
3235;
3236;
3237;
3238;
3239;
3240;
3241;
3242;
3243;
3244;
3245;
3246;
3247;
3248;
3249;
3250;
3251;
3252;
3253;
3254;
3255;
3256;
3257;
3258;
3259;
3260;
3261;
3262;
3263;
3264;
3265;
3266;
3267;
3268;
3269;
3270;
3271;
3272;
3273;
3274;
3275;
3276;
3277;
3278;
3279;
3280;
3281;
3282;
3283;
3284;
3285;
3286;
3287;
3288;
3289;
3290;
3291;
3292;
3293;
3294;
3295;
3296;
3297;
3298;
3299;
3300;
3301;
3302;
3303;
3304;
3305;
3306;
3307;
3308;
3309;
3310;
3311;
3312;
3313;
3314;
3315;
3316;
3317;
3318;
3319;
3320;
3321;
3322;
3323;
3324;68.171504
3325;68.53428
3326;65.777953
3327;65.256881
3328;54.18905
3329;55.594177
3330;54.38762
3331;63.011116
3332;51.789602
3333;54.468315
3334;49.57665
3335;52.096344
3336;48.441378
3337;50.478587
3338;64.471847
3339;60.807607
3340;47.113435
3341;46.338739
3342;47.677102
3343;47.866364
3344;49.22985
3345;53.315825
3346;49.146516
3347;58.624636
3348;46.832626
3349;48.881239
3350;45.895574
3351;47.221088
3352;48.367918
3353;50.510576
3354;45.676189
3355;46.775067
3356;45.913443
3357;47.23932
3358;47.51943
3359;48.505833
3360;47.405202
3361;51.828352
3362;50.493872
3363;50.784374
3364;48.185442
3365;52.06307905603491
3366;51.860363
3367;52.591692
3368;50.782519392104234
3369;35.40721664015279
3370;79.579226
3371;79.230776
3372;78.48592
3373;77.879207
3374;72.30996
3375;73.738473
3376;71.839444
3377;
3378;
3379;
3380;72.622528
3381;73.298253
3382;72.411122
3383;
3384;
3385;
3386;73.72823
3387;74.671436
3388;73.942593
3389;74.122278
3390;74.938469
3391;75.766871
3392;74.780465
3393;75.208964
3394;75.347731
3395;76.069754
3396;73.744264
3397;75.051604
3398;73.308306
3399;74.303963
3400;73.570598
3401;73.371359
3402;72.697207
3403;73.000263
3404;72.265618
3405;71.242169
3406;75.630568
3407;76.394634
3408;74.623282
3409;77.131472
3410;71.190783
3411;68.962615
3412;70.503777
3413;70.484274
3414;74.604465
3415;76.034222
3416;69.770703
3417;69.580005
3418;77.798344
3419;77.256914
3420;
3421;
3422;75.266418
3423;76.237613
3424;
3425;
3426;
3427;
3428;
3429;
3430;
3431;
3432;
3433;
3434;
3435;
3436;
3437;
3438;
3439;
3440;42.798747
3441;
3442;42.953055
3443;43.866478
3444;43.807288
3445;44.322394
3446;43.483784
3447;44.444427
3448;43.6982
3449;43.245563
3450;42.923713
3451;42.890622
3452;43.226567
3453;
3454;49.749989
3455;45.521769
3456;44.581
3457;77.397452
3458;77.188739
3459;78.798838
3460;78.466088
3461;78.704417
3462;78.884058
3463;
3464;
3465;78.660568
3466;
3467;78.502286
3468;
3469;
3470;
3471;
3472;
3473;78.099741
3474;78.216769
3475;
3476;
3477;
3478;
3479;
3480;77.342653
3481;78.073622
3482;78.326401
3483;
3484;77.785188
3485;78.564387
3486;78.588944
3487;78.571014
3488;78.83863
3489;
3490;77.871969
3491;77.649876
3492;
3493;
3494;
3495;
3496;
3497;
3498;75.658751
3499;
3500;
3501;
3502;
3503;
3504;
3505;
3506;
3507;
3508;
3509;
3510;
3511;
3512;
3513;66.062955
3514;64.732093
3515;67.044504
3516;65.30721
3517;66.49525
3518;62.819062
3519;67.054117
3520;64.032964
3521;69.235814
3522;67.961664
3523;65.326871
3524;63.673193
3525;70.744155
3526;67.863298
3527;69.510031
3528;71.384252
3529;68.679829
3530;69.859719
3531;54.05199
3532;67.636511
3533;69.779427
3534;71.850566
3535;72.363096
3536;67.155511
3537;71.198751
3538;69.630754
3539;70.19652
3540;66.760309
3541;63.633397
3542;64.048718
3543;63.196215
3544;63.16901
3545;63.088225
3546;62.027046
3547;62.870483
3548;
3549;
3550;65.837437
3551;
3552;
3553;
3554;
3555;
3556;
3557;
3558;
3559;
3560;
3561;
3562;64.362019
3563;65.891147
3564;
3565;63.869576
3566;62.547927
3567;
3568;
3569;
3570;
3571;
3572;
3573;
3574;
3575;
3576;
3577;
3578;
3579;
3580;
3581;
3582;
3583;
3584;
3585;
3586;
3587;
3588;
3589;
3590;
3591;
3592;
3593;
3594;
3595;
3596;
3597;
3598;
3599;
3600;
3601;
3602;
3603;
3604;
3605;
3606;
3607;
3608;
3609;
3610;
3611;
3612;
3613;
3614;
3615;
3616;
3617;
3618;
3619;
3620;
3621;
3622;
3623;
3624;
3625;
3626;
3627;
3628;
3629;
3630;
3631;
3632;
3633;
3634;
3635;
3636;
3637;
3638;
3639;
3640;
3641;
3642;
3643;
3644;
3645;
3646;
3647;
3648;
3649;
3650;
3651;
3652;
3653;
3654;
3655;
3656;
3657;
3658;
3659;
3660;
3661;
3662;
3663;
3664;
3665;
3666;
3667;
3668;
3669;
3670;
3671;
3672;
3673;
3674;
3675;
3676;
3677;
3678;
3679;
3680;
3681;
3682;
3683;
3684;
3685;
3686;
3687;
3688;
3689;
3690;
3691;
3692;
3693;
3694;
3695;
3696;
3697;
3698;
3699;
3700;
3701;
3702;
3703;
3704;
3705;
3706;
3707;
3708;
3709;
3710;
3711;
3712;
3713;
3714;
3715;
3716;
3717;
3718;
3719;
3720;
3721;
3722;
3723;
3724;
3725;
3726;
3727;
3728;
3729;
3730;
3731;
3732;
3733;
3734;
3735;
3736;
3737;
3738;
3739;
3740;62.159399
3741;
3742;
3743;
3744;
3745;
3746;
3747;
3748;
3749;
3750;
3751;
3752;
3753;
3754;
3755;
3756;
3757;
3758;
3759;
3760;
3761;
3762;
3763;
3764;
3765;
3766;
3767;
3768;69.011456
3769;67.556078
3770;52.061199
3771;61.979908
3772;45.502255
3773;45.282134
3774;45.548805
3775;44.320704
3776;45.097915
3777;45.650968
3778;44.12816
3779;44.710709
3780;46.358011
3781;46.61385
3782;46.694352
3783;47.310118
3784;50.306912
3785;48.9609
3786;47.875207
3787;50.954341
3788;49.65223
3789;51.940484
3790;49.796477
3791;51.388762
3792;49.045392
3793;49.742792
3794;49.376456
3795;50.623156
3796;50.222063
3797;50.49231299771893
3798;50.579813
3799;52.776383
3800;51.222654
3801;41.147906962375565
3802;49.510089
3803;51.149737
3804;48.85594
3805;50.558426
3806;50.178739
3807;47.58231088254459
3808;48.59959
3809;49.78116
3810;49.033041
3811;49.663311
3812;48.529662
3813;51.25274
3814;48.920236
3815;50.478662
3816;51.890169
3817;50.428259000875656
3818;49.210342
3819;53.290769
3820;52.735278
3821;52.275207
3822;51.495856
3823;50.288954
3824;50.51118987813786
3825;58.804037
3826;
3827;51.379625
3828;48.059614
3829;49.770057
3830;47.470332
3831;
3832;52.173762
3833;50.53327606156225
3834;50.373621112336714
3835;49.99437938499605
3836;52.621907
3837;42.498343955051716
3838;48.92451844069385
3839;51.70263809791967
3840;53.351255
3841;51.400904
3842;50.836705479859546
3843;58.965582
3844;52.29738033859353
3845;52.237688
3846;52.53078366220061
3847;55.567677
3848;53.743453
3849;51.369051
3850;52.732169
3851;51.050177
3852;
3853;49.747154
3854;44.848938032168675
3855;41.994725023578106
3856;48.73600119995153
3857;50.174919192898884
3858;47.383878074944015
3859;52.09541736945999
3860;49.97020616380408
3861;56.49279336958229
3862;55.414792
3863;52.664672
3864;57.023323
3865;57.028965
3866;54.863869310681345
3867;58.371107730943756
3868;56.836489
3869;54.372657
3870;61.162883
3871;68.617145
3872;58.611534
3873;55.591566
3874;60.517357
3875;62.321608
3876;60.525492
3877;62.598514
3878;65.410443
3879;68.540651
3880;51.171819
3881;51.463878
3882;48.395314
3883;52.227892
3884;
3885;50.490439
3886;52.505119
3887;51.658066
3888;48.26520771298959
3889;46.962640136388266
3890;50.44383568164067
3891;33.71424036013657
3892;36.41964302949
3893;56.971523045883245
3894;45.693886453160914
3895;52.86974800272407
3896;48.6963962387525
3897;51.67927352788528
3898;54.76822283904256
3899;53.69646909197726
3900;55.75934965258703
3901;56.785513
3902;56.06163959564548
3903;53.64889082905155
3904;47.62766083578172
3905;58.50836480500753
3906;67.48295655520121
3907;60.24865018322083
3908;58.82597632015484
3909;62.57574636551631
3910;63.19144003401586
3911;61.572990135904554
3912;48.285003
3913;49.265938
3914;51.0996
3915;52.181501
3916;51.463175
3917;52.013035
3918;51.202463
3919;53.508008
3920;53.434885
3921;53.154303
3922;65.424276
3923;68.433507
3924;64.665278
3925;37.226658128778375
3926;46.273340392919756
3927;32.65154104928335
3928;50.10608562234361
3929;44.195365051832454
3930;46.40947384212546
3931;43.21971211269461
3932;43.42292322862579
3933;40.704116977843405
3934;32.01104668364619
3935;31.708321952482404
3936;39.39275235997622
3937;34.696663681783384
3938;31.242358267383462
3939;34.69399257707535
3940;41.255358005405874
3941;22.74430945587869
3942;25.18079785609393
3943;27.448892853844782
3944;39.85161265178956
3945;29.788716697218828
3946;49.711229319072366
3947;40.34606823364508
3948;36.49350484281405
3949;24.8316863154046
3950;
3951;
3952;
3953;
3954;
3955;
3956;71.868167
3957;
3958;73.545128
3959;
3960;
3961;
3962;
3963;
3964;
3965;
3966;
3967;
3968;
3969;
3970;
3971;
3972;
3973;
3974;
3975;
3976;
3977;
3978;
3979;
3980;
3981;
3982;
3983;
3984;
3985;
3986;
3987;
3988;74.132008
3989;
3990;76.151157
3991;75.734068
3992;76.768535
3993;
3994;74.526137
3995;73.504408
3996;
3997;72.293404
3998;
3999;
4000;
4001;
4002;
4003;48.866956
4004;
4005;48.951397
4006;
4007;
4008;46.124832
4009;
4010;
4011;
4012;
4013;
4014;
4015;
4016;
4017;
4018;
4019;
4020;
4021;
4022;
4023;
4024;
4025;
4026;
4027;50.104855
4028;78.371267
4029;77.909181
4030;78.519339
4031;77.812926
4032;78.075146
4033;77.988592
4034;77.409156
4035;
4036;
4037;
4038;
4039;
4040;
4041;
4042;
4043;
4044;
4045;
4046;
4047;
4048;
4049;
4050;
4051;
4052;
4053;
4054;
4055;
4056;
4057;
4058;
4059;
4060;
4061;
4062;
4063;
4064;
4065;
4066;
4067;
4068;
4069;
4070;
4071;
4072;
4073;
4074;
4075;
4076;
4077;
4078;
4079;
4080;
4081;
4082;
4083;
4084;
4085;
4086;
4087;
4088;
4089;
4090;
4091;
4092;
4093;
4094;
4095;
4096;
4097;
4098;
4099;
4100;
4101;
4102;
4103;
4104;
4105;
4106;
4107;
4108;
4109;
4110;
4111;
4112;
4113;
4114;
4115;
4116;
4117;
4118;
4119;
4120;
4121;
4122;
4123;
4124;
4125;
4126;
4127;
4128;
4129;
4130;
4131;
4132;
4133;
4134;
4135;
4136;
4137;
4138;
4139;
4140;
4141;
4142;
4143;
4144;
4145;
4146;
4147;
4148;
4149;
4150;
4151;
4152;
4153;
4154;
4155;
4156;
4157;
4158;
4159;
4160;
4161;
4162;
4163;
4164;
4165;
4166;
4167;
4168;
4169;
4170;
4171;
4172;
4173;
4174;
4175;
4176;
4177;
4178;
4179;
4180;
4181;
4182;
4183;
4184;
4185;
4186;
4187;
4188;
4189;
4190;
4191;
4192;
4193;
4194;
4195;
4196;
4197;
4198;
4199;
4200;
4201;
4202;
4203;
4204;
4205;
4206;
4207;
4208;
4209;
4210;
4211;
4212;
4213;
4214;
4215;
4216;
4217;
4218;
4219;
4220;
4221;
4222;
4223;
4224;
4225;
4226;
4227;
4228;
4229;
4230;
4231;
4232;
4233;
4234;
4235;
4236;
4237;
4238;
4239;
4240;
4241;
4242;
4243;
4244;
4245;
4246;
4247;
4248;
4249;
4250;
4251;
4252;
4253;
4254;
4255;
4256;
4257;
4258;
4259;
4260;
4261;
4262;
4263;
4264;
4265;
4266;
4267;
4268;
4269;
4270;
4271;76.714386
4272;73.410152
4273;73.578254
4274;70.207658
4275;66.741183
4276;66.479182
4277;67.270856
4278;68.136849
4279;69.576377
4280;65.725549
4281;64.157873
4282;67.214842
4283;63.8119
4284;66.528541
4285;65.823484
4286;66.705515
4287;65.333439
4288;64.967757
4289;66.447282
4290;64.586939
4291;62.020718
4292;66.853328
4293;68.236331
4294;66.24906
4295;68.463467
4296;64.892654
4297;65.171982
4298;63.983891
4299;64.500867
4300;64.586317
4301;65.644119
4302;64.772603
4303;
4304;66.731001
4305;65.503217
4306;59.1626234032113
4307;64.009202
4308;64.360041
4309;
4310;65.826399
4311;64.010523
4312;65.135926
4313;64.500909
4314;62.422255
4315;61.623974
4316;60.55035911993895
4317;56.568051
4318;
4319;
4320;66.256903
4321;65.143192
4322;61.46302
4323;63.099374
4324;
4325;
4326;
4327;
4328;
4329;
4330;
4331;
4332;
4333;
4334;
4335;
4336;
4337;
4338;
4339;
4340;
4341;
4342;
4343;
4344;
4345;
4346;
4347;
4348;
4349;
4350;
4351;
4352;
4353;
4354;
4355;
4356;
4357;
4358;
4359;
4360;
4361;
4362;
4363;
4364;
4365;
4366;
4367;
4368;
4369;
4370;
4371;
4372;
4373;
4374;
4375;
4376;
4377;
4378;
4379;
4380;
4381;
4382;
4383;
4384;
4385;
4386;
4387;
4388;
4389;
4390;
4391;
4392;
4393;
4394;
4395;
4396;
4397;
4398;
4399;
4400;
4401;
4402;
4403;
4404;
4405;48.49155
4406;48.003428
4407;53.503581
4408;50.99951201531099
4409;53.494406
4410;52.7423798119547
4411;51.44300994496379
4412;46.943866898038394
4413;54.058932
4414;52.15686416531388
4415;56.137687
4416;53.526993068413404
4417;51.36111073135347
4418;50.21543779793255
4419;51.42984202352465
4420;49.371303629663515
4421;51.73033712511062
4422;43.343475486765364
4423;50.0795475732351
4424;49.22878547194936
4425;52.27906643294656
4426;50.6591039916601
4427;54.969141
4428;53.064020969482705
4429;55.519222
4430;52.91990591670288
4431;56.185455
4432;55.55635002229984
4433;52.366343409018015
4434;44.58809020115179
4435;46.21711064008279
4436;46.75181358486151
4437;56.297796
4438;56.725287
4439;53.25369509885782
4440;57.604401
4441;50.7542473824928
4442;45.76638210884144
4443;56.47625058086264
4444;47.477059347827556
4445;41.55330571890549
4446;33.722758038573126
4447;55.499164
4448;57.523265
4449;55.842794
4450;55.55852088523304
4451;58.313139
4452;54.72715193839032
4453;54.393673437686715
4454;50.78710057701258
4455;49.1582203193329
4456;52.19554052510561
4457;60.285415
4458;63.928603
4459;52.532847
4460;53.17268
4461;53.174658
4462;52.479202
4463;53.046642
4464;54.067958
4465;53.514974
4466;54.192367
4467;54.982574
4468;54.477436
4469;55.036326
4470;55.184196
4471;56.714083
4472;55.202299
4473;
4474;62.348102
4475;62.169475
4476;57.436049
4477;54.693047
4478;55.705408
4479;53.836909
4480;53.943811
4481;45.77370843290168
4482;40.63308939650341
4483;53.83619376559247
4484;51.11791540528047
4485;54.752837496313944
4486;43.913364528296455
4487;41.568180434357906
4488;34.95219729358051
4489;28.040763335547624
4490;21.705770860159692
4491;72.966036
4492;
4493;
4494;
4495;
4496;
4497;
4498;
4499;
4500;
4501;
4502;
4503;
4504;
4505;
4506;
4507;
4508;
4509;
4510;
4511;
4512;
4513;
4514;
4515;
4516;
4517;
4518;
4519;
4520;
4521;
4522;
4523;
4524;
4525;
4526;
4527;
4528;
4529;
4530;
4531;
4532;
4533;
4534;
4535;
4536;
4537;
4538;
4539;
4540;
4541;
4542;
4543;76.304353
4544;
4545;
4546;
4547;
4548;
4549;
4550;
4551;
4552;
4553;
4554;
4555;
4556;
4557;
4558;
4559;
4560;
4561;
4562;
4563;
4564;
4565;
4566;
4567;
4568;
4569;
4570;
4571;48.050562
4572;48.607941
4573;47.605121
4574;46.973681
4575;47.319401
4576;46.709346
4577;46.956815
4578;47.858936
4579;47.91398
4580;46.567097
4581;45.878405
4582;46.767365
4583;47.75328
4584;47.344511
4585;45.585673
4586;45.67679
4587;48.187483
4588;48.63024
4589;47.517234
4590;49.015037
4591;
4592;
4593;
4594;
4595;46.621439
4596;
4597;
4598;
4599;
4600;
4601;
4602;75.80129
4603;74.890182
4604;77.997638
4605;76.264254
4606;77.099941
4607;76.726223
4608;78.156498
4609;77.53036
4610;77.04785
4611;76.620134
4612;76.661102
4613;
4614;
4615;
4616;
4617;
4618;
4619;
4620;
4621;
4622;
4623;
4624;
4625;
4626;
4627;
4628;
4629;
4630;
4631;
4632;
4633;
4634;
4635;
4636;
4637;
4638;
4639;
4640;
4641;
4642;
4643;
4644;
4645;
4646;
4647;
4648;
4649;
4650;
4651;
4652;
4653;
4654;
4655;
4656;
4657;
4658;
4659;
4660;
4661;
4662;
4663;
4664;
4665;
4666;
4667;
4668;
4669;
4670;
4671;
4672;
4673;
4674;
4675;
4676;
4677;
4678;
4679;
4680;
4681;
4682;
4683;
4684;
4685;
4686;
4687;
4688;
4689;
4690;
4691;
4692;
4693;
4694;
4695;
4696;
4697;
4698;
4699;
4700;
4701;
4702;
4703;
4704;
4705;
4706;77.542683
4707;
4708;77.460937
4709;
4710;77.718817
4711;
4712;
4713;
4714;
4715;
4716;
4717;
4718;
4719;
4720;
4721;
4722;
4723;
4724;
4725;
4726;
4727;
4728;
4729;
4730;62.273668
4731;
4732;63.270993
4733;62.353622
4734;63.741138
4735;62.100667
4736;61.53473
4737;61.594934
4738;61.69201
4739;62.30333
4740;
4741;64.143986
4742;
4743;62.960326
4744;
4745;
4746;
4747;63.288151
4748;67.381259
4749;65.017214
4750;68.418755
4751;67.194268
4752;63.40280950207414
4753;65.364322
4754;59.67536575263825
4755;56.55905804106468
4756;56.791759563452466
4757;60.59317563097478
4758;54.2958117640304
4759;62.150094
4760;59.91533416180136
4761;65.660984
4762;59.00897568865082
4763;64.975691
4764;63.695915
4765;63.280427
4766;63.297541
4767;63.565515
4768;54.362129633784306
4769;62.127392
4770;51.3724948692501
4771;42.40947853104495
4772;49.83089347083224
4773;51.866333147324895
4774;44.62008268914979
4775;49.73919884805506
4776;51.14597763081246
4777;56.59583547522798
4778;33.493980657726304
4779;33.08810426375663
4780;47.98606183423696
4781;50.44095831888442
4782;53.27073775336092
4783;54.14716902973722
4784;45.11634237404701
4785;40.67535790053247
4786;45.789946958393294
4787;40.099969364927816
4788;34.07271503378425
4789;39.532407195208705
4790;28.190345965933247
4791;36.53531095938494
4792;30.014391603471474
4793;29.705392874972585
4794;27.55779334642486
4795;23.371454735824816
4796;29.356390448412725
4797;30.237610770295337
4798;
4799;63.354348
4800;63.108973
4801;63.541412
4802;61.645378
4803;62.742723
4804;57.947921
4805;58.382545
4806;61.69468
4807;61.182195
4808;60.292063
4809;59.468916
4810;60.231669
4811;60.440243
4812;59.542827
4813;60.815788
4814;56.184763
4815;60.057825
4816;
4817;
4818;
4819;
4820;
4821;
4822;
4823;
4824;
4825;
4826;
4827;
4828;
4829;
4830;
4831;
4832;
4833;
4834;
4835;
4836;
4837;
4838;
4839;
4840;
4841;
4842;
4843;
4844;
4845;
4846;
4847;
4848;
4849;
4850;
4851;
4852;
4853;
4854;
4855;
4856;
4857;
4858;
4859;
4860;
4861;
4862;
4863;
4864;
4865;
4866;
4867;
4868;
4869;
4870;
4871;
4872;
4873;
4874;
4875;
4876;
4877;
4878;
4879;
4880;
4881;
4882;
4883;
4884;
4885;
4886;
4887;
4888;
4889;
4890;
4891;
4892;
4893;
4894;
4895;
4896;
4897;
4898;
4899;
4900;
4901;
4902;
4903;
4904;
4905;
4906;
4907;
4908;
4909;
4910;
4911;
4912;
4913;
4914;
4915;
4916;
4917;
4918;
4919;
4920;
4921;
4922;
4923;
4924;
4925;
4926;
4927;
4928;
4929;
4930;
4931;
4932;
4933;
4934;
4935;
4936;43.83920886747169
4937;38.691253543160606
4938;53.833599202818384
4939;55.65455108653498
4940;57.664559
4941;58.687886
4942;52.970317
4943;59.411322
4944;
4945;
4946;
4947;
4948;
4949;
4950;
4951;
4952;
4953;
4954;
4955;
4956;
4957;
4958;
4959;
4960;74.330436
4961;
4962;74.968287
4963;
4964;75.270099
4965;
4966;
4967;
4968;
4969;
4970;
4971;
4972;
4973;
4974;
4975;
4976;
4977;
4978;
4979;
4980;
4981;
4982;
4983;
4984;
4985;
4986;
4987;
4988;
4989;
4990;
4991;
4992;
4993;
4994;
4995;
4996;
4997;
4998;
4999;
5000;
5001;
5002;
5003;
5004;
5005;
5006;
5007;
5008;
5009;
5010;
5011;
5012;
5013;
5014;
5015;
5016;
5017;
5018;
5019;
5020;
5021;
5022;
5023;
5024;
5025;
5026;
5027;
5028;
5029;
5030;
5031;
5032;
5033;
5034;
5035;
5036;
5037;
5038;
5039;
5040;
5041;
5042;
5043;
5044;
5045;
5046;
5047;
5048;
5049;
5050;
5051;
5052;
5053;
5054;
5055;
5056;
5057;
5058;
5059;
5060;47.838855
5061;
5062;
5063;
5064;75.853283
5065;75.449308
5066;
5067;
5068;
5069;
5070;
5071;
5072;
5073;
5074;
5075;
5076;
5077;
5078;
5079;
5080;
5081;
5082;
5083;
5084;
5085;
5086;
5087;
5088;
5089;
5090;
5091;
5092;
5093;36.582825045900584
5094;39.067629015492784
5095;31.228099132785417
5096;24.344278094049592
5097;31.94800689750993
5098;35.790696638100336
5099;28.43900137090034
5100;23.993968372486002
5101;34.47707860452754
5102;34.90944078999147
5103;39.04309401396745
5104;35.26000696525158
5105;26.64393810625643
5106;26.052443214399272
5107;37.11063410101248
5108;39.86022554682435
5109;23.01516824072247
5110;26.31776681567887
5111;25.958957210812525
5112;21.93105209907016
5113;41.31538952802002
5114;44.11135087067654
5115;38.38805353821818
5116;44.087315717958
5117;40.09877994513178
5118;42.72012609732555
5119;46.32998322205225
5120;47.8863870603526
5121;64.420963
5122;63.246668
5123;61.975961
5124;62.444372
5125;
5126;
5127;53.63847
5128;
5129;
5130;
5131;
5132;
5133;
5134;
5135;
5136;
5137;
5138;
5139;
5140;
5141;
5142;
5143;
5144;
5145;
5146;
5147;
5148;
5149;
5150;
5151;
5152;
5153;
5154;
5155;
5156;
5157;
5158;
5159;
5160;
5161;
5162;
5163;
5164;
5165;
5166;
5167;
5168;
5169;
5170;
5171;
5172;
5173;
5174;
5175;
5176;
5177;
5178;
5179;
5180;
5181;
5182;
5183;
5184;
5185;
5186;
5187;
5188;
5189;
5190;
5191;
5192;
5193;
5194;
5195;
5196;
5197;
5198;
5199;
5200;
5201;
5202;
5203;
5204;
5205;
5206;
5207;
5208;
5209;
5210;
5211;
5212;
5213;
5214;
5215;
5216;
5217;
5218;
5219;
5220;
5221;
5222;
5223;
5224;
5225;
5226;
5227;
5228;
5229;
5230;
5231;
5232;
5233;
5234;
5235;
5236;
5237;
5238;
5239;
5240;
5241;
5242;
5243;
5244;
5245;
5246;
5247;
5248;
5249;
5250;
5251;
5252;
5253;
5254;
5255;
5256;
5257;
5258;
5259;
5260;
5261;
5262;
5263;
5264;
5265;
5266;
5267;
5268;
5269;
5270;
5271;
5272;
5273;
5274;
5275;
5276;
5277;
5278;
5279;
5280;
5281;
5282;
5283;
5284;
5285;
5286;
5287;
5288;
5289;
5290;
5291;
5292;
5293;
5294;
5295;
5296;
5297;
5298;
5299;
5300;
5301;
5302;
5303;
5304;
5305;
5306;
5307;
5308;
5309;
5310;
5311;
5312;
5313;
5314;
5315;
5316;
5317;
5318;
5319;
5320;
5321;
5322;
5323;
5324;
5325;
5326;
5327;
5328;
5329;58.097235
5330;
5331;
5332;
5333;
5334;
5335;
5336;
5337;51.688209
5338;
5339;
5340;
5341;
5342;
5343;
5344;
5345;
5346;
5347;
5348;
5349;51.083065
5350;
5351;52.463172
5352;50.90989
5353;51.402669
5354;50.595336
5355;50.837326
5356;50.397663
5357;50.244366
5358;49.375043
5359;
5360;50.158666
5361;49.872641
5362;
5363;
5364;
5365;
5366;
5367;
5368;
5369;
5370;
5371;
5372;55.015257
5373;54.674224
5374;
5375;
5376;
5377;
5378;
5379;
5380;
5381;
5382;
5383;
5384;
5385;
5386;
5387;
5388;
5389;
5390;
5391;76.32782
5392;
5393;
5394;
5395;
5396;
5397;
5398;
5399;
5400;
5401;
5402;
5403;
5404;
5405;
5406;
5407;
5408;
5409;
5410;
5411;
5412;
5413;
5414;
5415;
5416;
5417;
5418;
5419;
5420;
5421;
5422;
5423;
5424;
5425;
5426;
5427;
5428;
5429;
5430;
5431;
5432;
5433;
5434;
5435;
5436;
5437;
5438;
5439;
5440;
5441;
5442;
5443;
5444;
5445;
5446;
5447;
5448;
5449;
5450;
5451;
5452;
5453;
5454;
5455;37.15237791404005
5456;33.28391350027643
5457;41.301710050128506
5458;43.05562690707322
5459;28.51496679577347
5460;31.915046710021045
5461;50.69959665446623
5462;44.183125524047824
5463;44.70931871696152
5464;38.96923450238654
5465;42.70879848169499
5466;37.55126226955252
5467;29.456542678220725
5468;26.09349348513261
5469;25.61142245922343
5470;24.45517986870133
5471;27.822478232781208
5472;34.33791443647515
5473;28.769254507457592
5474;32.43078199034137
5475;35.97431919617076
5476;47.85787153156147
5477;34.38170651173397
5478;48.30779500181746
5479;48.860872337789
5480;20.602280686023672
5481;24.797836931624847
5482;42.500321006965834
5483;7.517295462548684
5484;17.409731465088974
5485;61.983417
5486;
5487;62.506104
5488;61.230959
5489;62.985338
5490;62.349203
5491;
5492;
5493;
5494;61.463267
5495;62.218314
5496;
5497;
5498;
5499;
5500;
5501;62.839434
5502;
5503;
5504;
5505;62.407659
5506;61.275802
5507;60.729377
5508;
5509;
5510;
5511;
5512;61.083938
5513;58.652064
5514;60.007487
5515;57.257421
5516;59.459457
5517;60.073515
5518;61.275796
5519;
5520;
5521;58.909403
5522;
5523;61.871141
5524;61.757174
5525;61.879191
5526;62.972571
5527;61.324959
5528;62.310144
5529;60.79486
5530;
5531;60.867501
5532;61.643517
5533;
5534;
5535;
5536;
5537;
5538;
5539;
5540;
5541;
5542;
5543;
5544;
5545;
5546;
5547;
5548;
5549;
5550;
5551;
5552;
5553;
5554;
5555;
5556;
5557;
5558;
5559;
5560;
5561;
5562;
5563;
5564;
5565;
5566;
5567;
5568;
5569;
5570;
5571;
5572;
5573;
5574;
5575;
5576;
5577;
5578;
5579;
5580;
5581;
5582;
5583;
5584;
5585;
5586;
5587;
5588;
5589;
5590;
5591;
5592;
5593;
5594;
5595;
5596;
5597;
5598;
5599;
5600;
5601;
5602;
5603;
5604;
5605;
5606;
5607;
5608;
5609;
5610;
5611;
5612;
5613;
5614;
5615;
5616;
5617;
5618;
5619;
5620;
5621;
5622;
5623;
5624;
5625;
5626;
5627;
5628;
5629;
5630;
5631;
5632;
5633;
5634;
5635;
5636;
5637;
5638;
5639;
5640;
5641;
5642;
5643;
5644;
5645;
5646;
5647;
5648;
5649;
5650;
5651;
5652;
5653;
5654;
5655;
5656;
5657;
5658;
5659;
5660;
5661;
5662;
5663;
5664;
5665;
5666;
5667;
5668;
5669;
5670;
5671;
5672;
5673;
5674;
5675;
5676;
5677;
5678;
5679;
5680;
5681;
5682;
5683;
5684;
5685;
5686;
5687;
5688;
5689;
5690;
5691;
5692;
5693;
5694;
5695;
5696;
5697;
5698;
5699;
5700;
5701;
5702;
5703;
5704;
5705;
5706;
5707;
5708;
5709;
5710;
5711;
5712;
5713;
5714;
5715;
5716;
5717;
5718;
5719;
5720;
5721;
5722;
5723;
5724;
5725;
5726;
5727;
5728;
5729;
5730;
5731;
5732;
5733;
5734;
5735;
5736;
5737;
5738;
5739;
5740;
5741;
5742;
5743;
5744;
5745;
5746;
5747;
5748;
5749;
5750;
5751;
5752;
5753;
5754;
5755;
5756;
5757;
5758;
5759;
5760;
5761;
5762;
5763;
5764;
5765;
5766;
5767;
5768;
5769;
5770;
5771;
5772;
5773;
5774;
5775;
5776;
5777;
5778;
5779;
5780;
5781;
5782;
5783;
5784;
5785;
5786;
5787;
5788;
5789;
5790;
5791;
5792;
5793;
5794;
5795;
5796;
5797;
5798;
5799;
5800;
5801;
5802;
5803;
5804;
5805;
5806;
5807;
5808;
5809;
5810;
5811;
5812;
5813;
5814;
5815;
5816;
5817;
5818;61.375488
5819;
5820;61.285497
5821;
5822;
5823;
5824;
5825;
5826;
5827;
5828;
5829;
5830;
5831;
5832;
5833;
5834;
5835;
5836;
5837;
5838;
5839;
5840;
5841;
5842;
5843;
5844;
5845;
5846;
5847;
5848;
5849;
5850;
5851;
5852;
5853;
5854;
5855;
5856;
5857;
5858;
5859;
5860;
5861;
5862;
5863;
5864;
5865;
5866;
5867;
5868;
5869;
5870;
5871;
5872;
5873;
5874;
5875;
5876;
5877;
5878;
5879;
5880;
5881;
5882;
5883;
5884;
5885;
5886;
5887;
5888;
5889;
5890;
5891;
5892;
5893;
5894;
5895;
5896;
5897;
5898;
5899;
5900;
5901;
5902;
5903;
5904;
5905;
5906;
5907;
5908;
5909;
5910;
5911;
5912;
5913;
5914;
5915;
5916;
5917;
5918;
5919;
5920;
5921;
5922;
5923;
5924;
5925;
5926;
5927;
5928;
5929;
5930;
5931;
5932;
5933;
5934;
5935;
5936;
5937;
5938;
5939;
5940;
5941;
5942;
5943;31.445016151075226
5944;36.25414878621846
5945;
5946;
5947;
5948;
5949;
5950;
5951;
5952;
5953;
5954;
5955;
5956;
5957;
5958;
5959;
5960;
5961;
5962;
5963;
5964;
5965;
5966;
5967;
5968;
5969;
5970;
5971;
5972;
5973;
5974;
5975;
5976;
5977;
5978;
5979;
5980;
5981;
5982;
5983;
5984;
5985;
5986;
5987;
5988;
5989;
5990;
5991;
5992;
5993;
5994;
5995;
5996;
5997;
5998;
5999;
6000;
6001;
6002;
6003;
6004;
6005;
6006;
6007;
6008;
6009;
6010;
6011;
6012;
6013;
6014;
6015;
6016;
6017;
6018;
6019;
6020;
6021;
6022;
6023;
6024;
6025;
6026;
6027;
6028;
6029;
6030;
6031;
6032;
6033;
6034;
6035;
6036;
6037;
6038;
6039;
6040;
6041;
6042;
6043;
6044;
6045;
6046;
6047;
6048;
6049;
6050;
6051;
6052;
6053;
6054;
6055;
6056;
6057;
6058;
6059;
6060;
6061;
6062;
6063;
6064;
6065;
6066;
6067;
6068;
6069;
6070;
6071;
6072;
6073;
6074;
6075;
6076;
6077;
6078;
6079;
6080;
6081;
6082;
6083;
6084;
6085;
6086;
6087;
6088;
6089;
6090;
6091;
6092;
6093;
6094;
6095;
6096;
6097;
6098;
6099;
6100;
6101;
6102;
6103;
6104;
6105;
6106;
6107;
6108;
6109;
6110;
6111;
6112;
6113;
6114;
6115;
6116;
6117;
6118;
6119;
6120;
6121;
6122;
6123;
6124;
6125;
6126;
6127;
6128;
6129;
6130;
6131;
6132;
6133;
6134;
6135;
6136;
6137;
6138;
6139;
6140;
6141;
6142;
6143;
6144;
6145;
6146;
6147;
6148;
6149;
6150;
6151;
6152;
6153;
6154;
6155;
6156;
6157;
6158;
6159;
6160;
6161;
6162;
6163;
6164;
6165;
6166;
6167;
6168;
6169;
6170;
6171;
6172;
6173;
6174;
6175;
6176;
6177;
6178;
6179;
6180;
6181;
6182;
6183;
6184;
6185;
6186;
6187;
6188;
6189;
6190;
6191;
6192;
6193;
6194;
6195;
6196;
6197;
6198;
6199;
6200;
6201;
6202;
6203;
6204;
6205;
6206;
6207;
6208;
6209;
6210;
6211;
6212;
6213;
6214;
6215;
6216;
6217;
6218;
6219;
6220;
6221;
6222;
6223;
6224;
6225;
6226;
6227;
6228;
6229;
6230;
6231;
6232;
6233;
6234;
6235;
6236;
6237;
6238;
6239;
6240;
6241;
6242;
6243;
6244;
6245;
6246;
6247;
6248;
6249;
6250;
6251;
6252;
6253;
6254;
6255;
6256;
6257;
6258;
6259;
6260;
6261;
6262;
6263;
6264;
6265;
6266;
6267;
6268;
6269;
6270;
6271;
6272;
6273;
6274;
6275;
6276;
6277;
6278;
6279;
6280;
6281;
6282;
6283;
6284;
6285;
6286;
6287;
6288;
6289;
6290;
6291;
6292;
6293;
6294;
6295;
6296;
6297;
6298;
6299;
6300;
6301;
6302;
6303;
6304;
6305;
6306;
6307;
6308;
6309;
6310;
6311;
6312;
6313;
6314;
6315;
6316;
6317;
6318;
6319;
6320;
6321;
6322;
6323;
6324;
6325;
6326;
6327;
6328;
6329;
6330;
6331;
6332;
6333;
6334;
6335;
6336;
6337;
6338;
6339;
6340;
6341;
6342;
6343;
6344;
6345;
6346;
6347;
6348;
6349;
6350;
6351;
6352;
6353;
6354;
6355;
6356;
6357;
6358;
6359;
6360;
6361;
6362;
6363;
6364;
6365;
6366;
6367;
6368;
6369;
6370;
6371;
6372;
6373;
6374;
6375;
6376;
6377;
6378;
6379;
6380;
6381;
6382;
6383;
6384;
6385;
6386;
6387;
6388;
6389;
6390;
6391;
6392;
6393;
6394;
6395;
6396;
6397;
6398;
6399;
6400;
6401;
6402;
6403;
6404;
6405;
6406;
6407;
6408;
6409;
6410;
6411;
6412;
6413;
6414;
6415;
6416;
6417;
6418;
6419;
6420;
6421;
6422;
6423;
6424;
6425;
6426;
6427;
6428;
6429;
6430;
6431;
6432;
6433;
6434;
6435;
6436;
6437;
6438;
6439;
6440;
6441;
6442;
6443;
6444;
6445;
6446;
6447;
6448;
6449;
6450;
6451;
6452;
6453;
6454;
6455;
6456;
6457;
6458;
6459;
6460;
6461;
6462;
6463;
6464;
6465;
6466;
6467;
6468;
6469;
6470;
6471;
6472;
6473;
6474;
6475;
6476;
6477;
6478;
6479;
6480;
6481;
6482;
6483;
6484;
6485;
6486;
6487;
6488;
6489;
6490;
6491;
6492;
6493;
6494;
6495;
6496;
6497;
6498;
6499;
6500;
6501;
6502;
6503;
6504;
6505;
6506;
6507;
6508;
6509;
6510;
6511;
6512;
6513;
6514;
6515;
6516;
6517;
6518;
6519;
6520;
6521;
6522;
6523;
6524;
6525;
6526;
6527;
6528;
6529;
6530;
6531;
6532;
6533;
6534;
6535;
6536;
6537;
6538;
6539;
6540;
6541;
6542;
6543;
6544;84.37985974248144
6545;
6546;81.03332082435203
6547;41.404632870312575
6548;35.84390031202374
6549;23.312962992569428
6550;21.658865735131613
6551;41.09713856593863
6552;73.32377
6553;76.2196664327325
6554;76.57325581586937
6555;49.220896
6556;47.485356
6557;48.303231
6558;47.823843
6559;46.877037
6560;47.602348
6561;42.953654
6562;43.239687
6563;
6564;
6565;129.622544
6566;115.31270862055744
6567;
6568;
6569;
6570;
6571;
6572;44.029952
6573;43.771351
6574;63.93075
6575;64.843194
6576;66.102687
6577;64.98731
6578;66.823853
6579;66.040447
6580;67.286776
6581;67.920702
6582;
6583;
6584;
6585;
6586;
6587;
6588;
6589;
6590;
6591;
6592;
6593;
6594;
6595;
6596;
6597;
6598;
6599;
6600;
6601;
6602;
6603;
6604;
6605;
6606;
6607;
6608;
6609;
6610;
6611;
6612;45.15675447179254
6613;45.44992712125293
6614;57.060347
6615;55.729915
6616;56.581013
6617;
6618;
6619;
6620;
6621;
6622;
6623;
