Cell ID;profile_mask
0;1
1;1
2;1
3;1
4;1
5;1
6;1
7;1
8;1
9;1
10;1
11;1
12;1
13;1
14;1
15;1
16;1
17;1
18;1
19;1
20;1
21;1
22;1
23;1
24;1
25;1
26;1
27;1
28;1
29;1
30;1
31;1
32;1
33;1
34;1
35;1
36;1
37;1
38;1
39;1
40;1
41;1
42;1
43;1
44;1
45;1
46;1
47;1
48;1
49;1
50;1
51;1
52;1
53;1
54;1
55;1
56;1
57;1
58;1
59;1
60;1
61;1
62;1
63;1
64;1
65;1
66;1
67;1
68;1
69;1
70;1
71;1
72;1
73;1
74;1
75;1
76;1
77;1
78;1
79;1
80;1
81;1
82;1
83;1
84;1
85;1
86;1
87;1
88;1
89;1
90;1
91;1
92;1
93;1
94;1
95;1
96;1
97;1
98;1
99;1
100;1
101;1
102;1
103;1
104;1
105;1
106;1
107;1
108;1
109;1
110;1
111;1
112;1
113;1
114;1
115;1
116;1
117;1
118;1
119;1
120;1
121;1
122;1
123;1
124;1
125;1
126;1
127;1
128;1
129;1
130;1
131;1
132;1
133;1
134;1
135;1
136;1
137;1
138;1
139;1
140;1
141;1
142;1
143;1
144;1
145;1
146;1
147;1
148;1
149;1
150;1
151;1
152;1
153;1
154;1
155;1
156;1
157;1
158;1
159;1
160;1
161;1
162;1
163;1
164;1
165;1
166;1
167;1
168;1
169;1
170;1
171;1
172;1
173;1
174;1
175;1
176;1
177;1
178;1
179;1
180;1
181;1
182;1
183;1
184;1
185;1
186;1
187;1
188;1
189;1
190;1
191;1
192;1
193;1
194;1
195;1
196;1
197;1
198;1
199;1
200;1
201;1
202;1
203;1
204;1
205;1
206;1
207;1
208;1
209;1
210;1
211;1
212;1
213;1
214;1
215;1
216;1
217;1
218;1
219;1
220;1
221;1
222;1
223;1
224;1
225;1
226;1
227;1
228;1
229;1
230;1
231;1
232;1
233;1
234;1
235;1
236;1
237;1
238;1
239;1
240;1
241;1
242;1
243;1
244;1
245;1
246;1
247;1
248;1
249;1
250;1
251;1
252;1
253;1
254;1
255;1
256;1
257;1
258;1
259;1
260;1
261;1
262;1
263;1
264;1
265;1
266;1
267;1
268;1
269;1
270;1
271;1
272;1
273;1
274;1
275;1
276;1
277;1
278;1
279;1
280;1
281;1
282;1
283;1
284;1
285;1
286;1
287;1
288;1
289;1
290;1
291;1
292;1
293;1
294;1
295;1
296;1
297;1
298;1
299;1
300;1
301;1
302;1
303;1
304;1
305;1
306;1
307;1
308;1
309;1
310;1
311;1
312;1
313;1
314;1
315;1
316;1
317;1
318;1
319;1
320;1
321;1
322;1
323;1
324;1
325;1
326;1
327;1
328;1
329;1
330;1
331;1
332;1
333;1
334;1
335;1
336;1
337;1
338;1
339;1
340;1
341;1
342;1
343;1
344;1
345;1
346;1
347;1
348;1
349;1
350;1
351;1
352;1
353;1
354;1
355;1
356;1
357;1
358;1
359;1
360;1
361;1
362;1
363;1
364;1
365;1
366;1
367;1
368;1
369;1
370;1
371;1
372;1
373;1
374;1
375;1
376;1
377;1
378;1
379;1
380;1
381;1
382;1
383;1
384;1
385;1
386;1
387;1
388;1
389;1
390;1
391;1
392;1
393;1
394;1
395;1
396;1
397;1
398;1
399;1
400;1
401;1
402;1
403;1
404;1
405;1
406;1
407;1
408;1
409;1
410;1
411;1
412;1
413;1
414;1
415;1
416;1
417;1
418;1
419;1
420;1
421;1
422;1
423;1
424;1
425;1
426;1
427;1
428;1
429;1
430;1
431;1
432;1
433;1
434;1
435;1
436;1
437;1
438;1
439;1
440;1
441;1
442;1
443;1
444;1
445;1
446;1
447;1
448;1
449;1
450;1
451;1
452;1
453;1
454;1
455;1
456;1
457;1
458;1
459;1
460;1
461;1
462;1
463;1
464;1
465;1
466;1
467;1
468;1
469;1
470;1
471;1
472;1
473;1
474;1
475;1
476;1
477;1
478;1
479;1
480;1
481;1
482;1
483;1
484;1
485;1
486;1
487;1
488;1
489;1
490;1
491;1
492;1
493;1
494;1
495;1
496;1
497;1
498;1
499;1
500;1
501;1
502;1
503;1
504;1
505;1
506;1
507;1
508;1
509;1
510;1
511;1
512;1
513;1
514;1
515;1
516;1
517;1
518;1
519;1
520;1
521;1
522;1
523;1
524;1
525;1
526;1
527;1
528;1
529;1
530;1
531;1
532;1
533;1
534;1
535;1
536;1
537;1
538;1
539;1
540;1
541;1
542;1
543;1
544;1
545;1
546;1
547;1
548;1
549;1
550;1
551;1
552;1
553;1
554;1
555;1
556;1
557;1
558;1
559;1
560;1
561;1
562;1
563;1
564;1
565;1
566;1
567;1
568;1
569;1
570;1
571;1
572;1
573;1
574;1
575;1
576;1
577;1
578;1
579;1
580;1
581;1
582;1
583;1
584;1
585;1
586;1
587;1
588;1
589;1
590;1
591;1
592;1
593;1
594;1
595;1
596;1
597;1
598;1
599;1
600;1
601;1
602;1
603;1
604;1
605;1
606;1
607;1
608;1
609;1
610;1
611;1
612;1
613;1
614;1
615;1
616;1
617;1
618;1
619;1
620;1
621;1
622;1
623;1
624;1
625;1
626;1
627;1
628;1
629;1
630;1
631;1
632;1
633;1
634;1
635;1
636;1
637;1
638;1
639;1
640;1
641;1
642;1
643;1
644;1
645;1
646;1
647;1
648;1
649;1
650;1
651;1
652;1
653;1
654;1
655;1
656;1
657;1
658;1
659;1
660;1
661;1
662;1
663;1
664;1
665;1
666;1
667;1
668;1
669;1
670;1
671;1
672;1
673;1
674;1
675;1
676;1
677;1
678;1
679;1
680;1
681;1
682;1
683;1
684;1
685;1
686;1
687;1
688;1
689;1
690;1
691;1
692;1
693;1
694;1
695;1
696;1
697;1
698;1
699;1
700;1
701;1
702;1
703;1
704;1
705;1
706;1
707;1
708;1
709;1
710;1
711;1
712;1
713;1
714;1
715;1
716;1
717;1
718;1
719;1
720;1
721;1
722;1
723;1
724;1
725;1
726;1
727;1
728;1
729;1
730;1
731;1
732;1
733;1
734;1
735;1
736;1
737;1
738;1
739;1
740;1
741;1
742;1
743;1
744;1
745;1
746;1
747;1
748;1
749;1
750;1
751;1
752;1
753;1
754;1
755;1
756;1
757;1
758;1
759;1
760;1
761;1
762;1
763;1
764;1
765;1
766;1
767;1
768;1
769;1
770;1
771;1
772;1
773;1
774;1
775;1
776;1
777;1
778;1
779;1
780;1
781;1
782;1
783;1
784;1
785;1
786;1
787;1
788;1
789;1
790;1
791;1
792;1
793;1
794;1
795;1
796;1
797;1
798;1
799;1
800;1
801;1
802;1
803;1
804;1
805;1
806;1
807;1
808;1
809;1
810;1
811;1
812;1
813;1
814;1
815;1
816;1
817;1
818;1
819;1
820;1
821;1
822;1
823;1
824;1
825;1
826;1
827;1
828;1
829;1
830;1
831;1
832;1
833;1
834;1
835;1
836;1
837;1
838;1
839;1
840;1
841;1
842;1
843;1
844;1
845;1
846;1
847;1
848;1
849;1
850;1
851;1
852;1
853;1
854;1
855;1
856;1
857;1
858;1
859;1
860;1
861;1
862;1
863;1
864;1
865;1
866;1
867;1
868;1
869;1
870;1
871;1
872;1
873;1
874;1
875;1
876;1
877;1
878;1
879;1
880;1
881;1
882;1
883;1
884;1
885;1
886;1
887;1
888;1
889;1
890;1
891;1
892;1
893;1
894;1
895;1
896;1
897;1
898;1
899;1
900;1
901;1
902;1
903;1
904;1
905;1
906;1
907;1
908;1
909;1
910;1
911;1
912;1
913;1
914;1
915;1
916;1
917;1
918;1
919;1
920;1
921;1
922;1
923;1
924;1
925;1
926;1
927;1
928;1
929;1
930;1
931;1
932;1
933;1
934;1
935;1
936;1
937;1
938;1
939;1
940;1
941;1
942;1
943;1
944;1
945;1
946;1
947;1
948;1
949;1
950;1
951;1
952;1
953;1
954;1
955;1
956;1
957;1
958;1
959;1
960;1
961;1
962;1
963;1
964;1
965;1
966;1
967;1
968;1
969;1
970;1
971;1
972;1
973;1
974;1
975;1
976;1
977;1
978;1
979;1
980;1
981;1
982;1
983;1
984;1
985;1
986;1
987;1
988;1
989;1
990;1
991;1
992;1
993;1
994;1
995;1
996;1
997;1
998;1
999;1
1000;1
1001;1
1002;1
1003;1
1004;1
1005;1
1006;1
1007;1
1008;1
1009;1
1010;1
1011;1
1012;1
1013;1
1014;1
1015;1
1016;1
1017;1
1018;1
1019;1
1020;1
1021;1
1022;1
1023;1
1024;1
1025;1
1026;1
1027;1
1028;1
1029;1
1030;1
1031;1
1032;1
1033;1
1034;1
1035;1
1036;1
1037;1
1038;1
1039;1
1040;1
1041;1
1042;1
1043;1
1044;1
1045;1
1046;1
1047;1
1048;1
1049;1
1050;1
1051;1
1052;1
1053;1
1054;1
1055;1
1056;1
1057;1
1058;1
1059;1
1060;1
1061;1
1062;1
1063;1
1064;1
1065;1
1066;1
1067;1
1068;1
1069;1
1070;1
1071;1
1072;1
1073;1
1074;1
1075;1
1076;1
1077;1
1078;1
1079;1
1080;1
1081;1
1082;1
1083;1
1084;1
1085;1
1086;1
1087;1
1088;1
1089;1
1090;1
1091;1
1092;1
1093;1
1094;1
1095;1
1096;1
1097;1
1098;1
1099;1
1100;1
1101;1
1102;1
1103;1
1104;1
1105;1
1106;1
1107;1
1108;1
1109;1
1110;1
1111;1
1112;1
1113;1
1114;1
1115;1
1116;1
1117;1
1118;1
1119;1
1120;1
1121;1
1122;1
1123;1
1124;1
1125;1
1126;1
1127;1
1128;1
1129;1
1130;0
1131;1
1132;1
1133;1
1134;1
1135;1
1136;1
1137;1
1138;1
1139;1
1140;1
1141;1
1142;1
1143;1
1144;1
1145;1
1146;1
1147;1
1148;1
1149;1
1150;1
1151;1
1152;1
1153;1
1154;1
1155;1
1156;1
1157;1
1158;1
1159;1
1160;1
1161;1
1162;1
1163;1
1164;1
1165;1
1166;1
1167;1
1168;1
1169;1
1170;1
1171;1
1172;1
1173;1
1174;1
1175;1
1176;1
1177;0
1178;1
1179;0
1180;1
1181;1
1182;1
1183;1
1184;1
1185;1
1186;1
1187;1
1188;1
1189;0
1190;1
1191;1
1192;1
1193;0
1194;1
1195;1
1196;1
1197;1
1198;1
1199;0
1200;1
1201;0
1202;1
1203;1
1204;0
1205;0
1206;1
1207;1
1208;1
1209;0
1210;0
1211;0
1212;1
1213;1
1214;1
1215;1
1216;0
1217;0
1218;1
1219;1
1220;1
1221;0
1222;1
1223;1
1224;1
1225;1
1226;1
1227;0
1228;0
1229;0
1230;1
1231;0
1232;0
1233;0
1234;1
1235;0
1236;1
1237;1
1238;1
1239;0
1240;0
1241;0
1242;0
1243;0
1244;0
1245;0
1246;0
1247;0
1248;0
1249;0
1250;0
1251;1
1252;0
1253;0
1254;0
1255;0
1256;0
1257;0
1258;0
1259;0
1260;0
1261;0
1262;0
1263;0
1264;0
1265;0
1266;0
1267;0
1268;0
1269;0
1270;0
1271;0
1272;0
1273;0
1274;0
1275;1
1276;0
1277;0
1278;0
1279;0
1280;0
1281;0
1282;0
1283;0
1284;0
1285;0
1286;1
1287;1
1288;1
1289;0
1290;0
1291;0
1292;0
1293;1
1294;0
1295;0
1296;0
1297;0
1298;0
1299;0
1300;0
1301;0
1302;1
1303;1
1304;1
1305;1
1306;1
1307;1
1308;1
1309;1
1310;1
1311;1
1312;1
1313;1
1314;1
1315;1
1316;1
1317;1
1318;1
1319;1
1320;1
1321;1
1322;1
1323;1
1324;1
1325;1
1326;1
1327;1
1328;1
1329;0
1330;1
1331;1
1332;1
1333;1
1334;1
1335;1
1336;1
1337;1
1338;1
1339;1
1340;1
1341;1
1342;1
1343;1
1344;1
1345;1
1346;1
1347;1
1348;1
1349;1
1350;1
1351;1
1352;1
1353;1
1354;1
1355;1
1356;1
1357;1
1358;1
1359;1
1360;1
1361;1
1362;1
1363;1
1364;1
1365;1
1366;1
1367;1
1368;1
1369;1
1370;1
1371;1
1372;1
1373;1
1374;1
1375;1
1376;1
1377;1
1378;1
1379;1
1380;1
1381;1
1382;1
1383;1
1384;1
1385;1
1386;1
1387;1
1388;1
1389;1
1390;1
1391;1
1392;1
1393;1
1394;1
1395;1
1396;1
1397;1
1398;1
1399;1
1400;1
1401;1
1402;1
1403;1
1404;1
1405;1
1406;1
1407;1
1408;1
1409;1
1410;1
1411;1
1412;1
1413;1
1414;1
1415;1
1416;1
1417;1
1418;1
1419;1
1420;1
1421;1
1422;1
1423;1
1424;1
1425;1
1426;1
1427;1
1428;1
1429;1
1430;1
1431;1
1432;1
1433;1
1434;1
1435;1
1436;1
1437;1
1438;1
1439;1
1440;1
1441;1
1442;1
1443;1
1444;1
1445;1
1446;1
1447;1
1448;1
1449;1
1450;1
1451;1
1452;1
1453;1
1454;1
1455;1
1456;1
1457;1
1458;1
1459;1
1460;1
1461;1
1462;1
1463;1
1464;1
1465;1
1466;1
1467;1
1468;1
1469;1
1470;1
1471;1
1472;1
1473;1
1474;1
1475;1
1476;1
1477;1
1478;1
1479;1
1480;1
1481;1
1482;1
1483;1
1484;1
1485;1
1486;1
1487;1
1488;1
1489;1
1490;1
1491;1
1492;1
1493;1
1494;1
1495;1
1496;1
1497;1
1498;1
1499;1
1500;1
1501;1
1502;1
1503;1
1504;1
1505;1
1506;1
1507;1
1508;1
1509;1
1510;1
1511;1
1512;1
1513;1
1514;1
1515;1
1516;1
1517;1
1518;1
1519;1
1520;1
1521;1
1522;1
1523;1
1524;1
1525;1
1526;1
1527;1
1528;1
1529;1
1530;1
1531;1
1532;1
1533;1
1534;1
1535;1
1536;1
1537;1
1538;1
1539;1
1540;1
1541;1
1542;1
1543;1
1544;1
1545;1
1546;1
1547;1
1548;0
1549;1
1550;1
1551;1
1552;1
1553;1
1554;1
1555;1
1556;1
1557;1
1558;1
1559;1
1560;1
1561;1
1562;1
1563;1
1564;1
1565;1
1566;1
1567;1
1568;1
1569;1
1570;1
1571;1
1572;1
1573;1
1574;1
1575;1
1576;1
1577;1
1578;1
1579;1
1580;1
1581;1
1582;1
1583;1
1584;1
1585;1
1586;1
1587;1
1588;1
1589;1
1590;1
1591;1
1592;1
1593;1
1594;1
1595;1
1596;1
1597;1
1598;1
1599;1
1600;1
1601;1
1602;1
1603;1
1604;1
1605;1
1606;1
1607;1
1608;1
1609;1
1610;1
1611;1
1612;1
1613;1
1614;1
1615;1
1616;1
1617;1
1618;1
1619;1
1620;1
1621;1
1622;1
1623;1
1624;1
1625;1
1626;1
1627;1
1628;1
1629;1
1630;1
1631;1
1632;1
1633;1
1634;1
1635;1
1636;1
1637;1
1638;1
1639;1
1640;1
1641;1
1642;1
1643;1
1644;1
1645;1
1646;1
1647;1
1648;1
1649;1
1650;1
1651;1
1652;1
1653;1
1654;1
1655;1
1656;1
1657;1
1658;1
1659;1
1660;1
1661;1
1662;0
1663;1
1664;1
1665;1
1666;1
1667;1
1668;1
1669;1
1670;1
1671;1
1672;1
1673;1
1674;1
1675;1
1676;1
1677;1
1678;1
1679;1
1680;1
1681;1
1682;1
1683;1
1684;1
1685;1
1686;1
1687;1
1688;1
1689;1
1690;1
1691;1
1692;1
1693;1
1694;1
1695;1
1696;1
1697;1
1698;0
1699;1
1700;0
1701;1
1702;1
1703;1
1704;1
1705;1
1706;1
1707;1
1708;1
1709;1
1710;1
1711;1
1712;1
1713;1
1714;1
1715;1
1716;1
1717;1
1718;1
1719;1
1720;1
1721;1
1722;1
1723;1
1724;1
1725;1
1726;1
1727;1
1728;1
1729;1
1730;1
1731;1
1732;1
1733;1
1734;1
1735;1
1736;1
1737;1
1738;1
1739;1
1740;1
1741;1
1742;1
1743;1
1744;1
1745;1
1746;1
1747;1
1748;1
1749;1
1750;1
1751;1
1752;1
1753;1
1754;1
1755;0
1756;1
1757;1
1758;0
1759;0
1760;0
1761;1
1762;0
1763;1
1764;1
1765;0
1766;0
1767;0
1768;0
1769;1
1770;1
1771;1
1772;0
1773;1
1774;1
1775;1
1776;1
1777;1
1778;1
1779;1
1780;1
1781;1
1782;1
1783;1
1784;1
1785;1
1786;1
1787;1
1788;1
1789;1
1790;1
1791;1
1792;1
1793;1
1794;1
1795;1
1796;0
1797;1
1798;1
1799;1
1800;1
1801;1
1802;1
1803;1
1804;1
1805;1
1806;1
1807;1
1808;1
1809;1
1810;1
1811;1
1812;1
1813;1
1814;1
1815;1
1816;1
1817;1
1818;1
1819;1
1820;1
1821;1
1822;1
1823;1
1824;1
1825;1
1826;1
1827;1
1828;1
1829;0
1830;1
1831;1
1832;1
1833;1
1834;1
1835;1
1836;1
1837;1
1838;1
1839;1
1840;1
1841;1
1842;1
1843;1
1844;1
1845;1
1846;1
1847;1
1848;1
1849;1
1850;1
1851;1
1852;1
1853;1
1854;1
1855;1
1856;1
1857;1
1858;1
1859;1
1860;0
1861;1
1862;1
1863;1
1864;0
1865;1
1866;1
1867;1
1868;1
1869;1
1870;1
1871;1
1872;0
1873;1
1874;1
1875;0
1876;0
1877;1
1878;1
1879;1
1880;1
1881;1
1882;1
1883;0
1884;0
1885;0
1886;0
1887;0
1888;0
1889;0
1890;0
1891;0
1892;0
1893;0
1894;0
1895;0
1896;0
1897;0
1898;0
1899;0
1900;1
1901;1
1902;0
1903;0
1904;0
1905;0
1906;0
1907;0
1908;0
1909;0
1910;0
1911;0
1912;0
1913;0
1914;0
1915;0
1916;0
1917;0
1918;0
1919;0
1920;0
1921;0
1922;0
1923;0
1924;0
1925;0
1926;0
1927;0
1928;0
1929;0
1930;0
1931;0
1932;0
1933;0
1934;0
1935;0
1936;0
1937;0
1938;0
1939;0
1940;0
1941;0
1942;0
1943;0
1944;0
1945;0
1946;0
1947;0
1948;0
1949;0
1950;0
1951;0
1952;0
1953;0
1954;0
1955;0
1956;0
1957;0
1958;0
1959;0
1960;0
1961;0
1962;0
1963;0
1964;0
1965;0
1966;0
1967;0
1968;0
1969;0
1970;0
1971;0
1972;0
1973;0
1974;1
1975;1
1976;1
1977;1
1978;1
1979;1
1980;1
1981;1
1982;1
1983;1
1984;1
1985;1
1986;1
1987;1
1988;1
1989;1
1990;1
1991;1
1992;1
1993;1
1994;1
1995;1
1996;1
1997;1
1998;1
1999;1
2000;1
2001;1
2002;1
2003;1
2004;1
2005;0
2006;1
2007;1
2008;0
2009;0
2010;1
2011;1
2012;1
2013;1
2014;1
2015;1
2016;1
2017;1
2018;1
2019;1
2020;1
2021;1
2022;1
2023;1
2024;1
2025;1
2026;1
2027;1
2028;1
2029;1
2030;1
2031;1
2032;1
2033;1
2034;1
2035;1
2036;1
2037;1
2038;1
2039;1
2040;1
2041;1
2042;1
2043;1
2044;1
2045;1
2046;1
2047;1
2048;1
2049;1
2050;1
2051;1
2052;1
2053;1
2054;1
2055;1
2056;1
2057;1
2058;1
2059;1
2060;1
2061;1
2062;1
2063;1
2064;1
2065;1
2066;1
2067;1
2068;1
2069;1
2070;1
2071;1
2072;1
2073;1
2074;1
2075;1
2076;1
2077;1
2078;1
2079;1
2080;1
2081;1
2082;1
2083;1
2084;1
2085;1
2086;1
2087;1
2088;1
2089;1
2090;1
2091;1
2092;1
2093;0
2094;1
2095;1
2096;1
2097;1
2098;1
2099;1
2100;1
2101;1
2102;1
2103;1
2104;1
2105;1
2106;1
2107;1
2108;1
2109;1
2110;1
2111;1
2112;1
2113;1
2114;1
2115;1
2116;1
2117;1
2118;1
2119;1
2120;1
2121;1
2122;1
2123;1
2124;1
2125;1
2126;1
2127;0
2128;1
2129;1
2130;1
2131;1
2132;1
2133;1
2134;0
2135;0
2136;0
2137;1
2138;0
2139;0
2140;1
2141;1
2142;0
2143;0
2144;1
2145;1
2146;1
2147;1
2148;0
2149;0
2150;1
2151;0
2152;1
2153;1
2154;0
2155;1
2156;1
2157;1
2158;1
2159;1
2160;1
2161;1
2162;1
2163;1
2164;1
2165;1
2166;1
2167;1
2168;1
2169;1
2170;1
2171;0
2172;1
2173;1
2174;1
2175;1
2176;0
2177;1
2178;0
2179;0
2180;0
2181;0
2182;0
2183;1
2184;0
2185;0
2186;0
2187;0
2188;0
2189;0
2190;0
2191;1
2192;0
2193;0
2194;0
2195;0
2196;0
2197;0
2198;0
2199;0
2200;0
2201;0
2202;0
2203;0
2204;0
2205;0
2206;0
2207;0
2208;0
2209;0
2210;0
2211;0
2212;0
2213;0
2214;0
2215;0
2216;0
2217;0
2218;0
2219;0
2220;0
2221;0
2222;0
2223;0
2224;1
2225;0
2226;0
2227;0
2228;0
2229;1
2230;1
2231;0
2232;0
2233;0
2234;0
2235;0
2236;0
2237;0
2238;1
2239;1
2240;1
2241;1
2242;1
2243;1
2244;1
2245;1
2246;1
2247;1
2248;1
2249;1
2250;1
2251;1
2252;1
2253;1
2254;1
2255;1
2256;1
2257;0
2258;1
2259;1
2260;1
2261;0
2262;0
2263;0
2264;0
2265;0
2266;0
2267;0
2268;0
2269;0
2270;0
2271;0
2272;1
2273;0
2274;0
2275;0
2276;0
2277;0
2278;0
2279;0
2280;0
2281;0
2282;0
2283;0
2284;0
2285;0
2286;0
2287;0
2288;0
2289;0
2290;0
2291;0
2292;0
2293;0
2294;0
2295;0
2296;0
2297;0
2298;0
2299;0
2300;0
2301;0
2302;0
2303;0
2304;0
2305;0
2306;0
2307;0
2308;0
2309;0
2310;0
2311;0
2312;0
2313;0
2314;0
2315;0
2316;0
2317;1
2318;0
2319;0
2320;0
2321;0
2322;0
2323;0
2324;0
2325;0
2326;1
2327;0
2328;0
2329;0
2330;0
2331;0
2332;0
2333;0
2334;0
2335;0
2336;1
2337;0
2338;0
2339;1
2340;1
2341;0
2342;1
2343;1
2344;1
2345;1
2346;1
2347;0
2348;0
2349;0
2350;0
2351;0
2352;0
2353;0
2354;0
2355;0
2356;0
2357;0
2358;0
2359;0
2360;0
2361;0
2362;0
2363;0
2364;0
2365;0
2366;0
2367;0
2368;0
2369;0
2370;0
2371;0
2372;0
2373;0
2374;0
2375;0
2376;0
2377;0
2378;0
2379;0
2380;0
2381;0
2382;0
2383;0
2384;0
2385;0
2386;0
2387;0
2388;0
2389;0
2390;0
2391;0
2392;0
2393;0
2394;0
2395;0
2396;0
2397;0
2398;0
2399;0
2400;0
2401;0
2402;0
2403;0
2404;0
2405;0
2406;0
2407;0
2408;0
2409;0
2410;0
2411;0
2412;0
2413;0
2414;0
2415;0
2416;0
2417;0
2418;0
2419;0
2420;0
2421;0
2422;0
2423;0
2424;0
2425;0
2426;0
2427;0
2428;0
2429;0
2430;0
2431;0
2432;0
2433;0
2434;0
2435;0
2436;0
2437;0
2438;0
2439;0
2440;0
2441;0
2442;0
2443;0
2444;0
2445;0
2446;0
2447;0
2448;0
2449;0
2450;0
2451;0
2452;0
2453;0
2454;0
2455;0
2456;0
2457;0
2458;0
2459;0
2460;0
2461;0
2462;0
2463;0
2464;0
2465;0
2466;0
2467;0
2468;0
2469;0
2470;0
2471;0
2472;0
2473;0
2474;0
2475;0
2476;0
2477;0
2478;0
2479;0
2480;0
2481;0
2482;0
2483;0
2484;0
2485;0
2486;0
2487;0
2488;0
2489;0
2490;0
2491;0
2492;0
2493;0
2494;0
2495;0
2496;0
2497;0
2498;0
2499;0
2500;0
2501;0
2502;1
2503;1
2504;1
2505;1
2506;1
2507;0
2508;1
2509;1
2510;1
2511;1
2512;1
2513;1
2514;1
2515;1
2516;1
2517;1
2518;1
2519;1
2520;1
2521;1
2522;1
2523;1
2524;1
2525;1
2526;1
2527;1
2528;1
2529;1
2530;1
2531;1
2532;1
2533;1
2534;1
2535;1
2536;1
2537;1
2538;1
2539;1
2540;1
2541;1
2542;1
2543;1
2544;1
2545;1
2546;1
2547;1
2548;1
2549;1
2550;1
2551;1
2552;1
2553;1
2554;1
2555;1
2556;1
2557;1
2558;1
2559;1
2560;1
2561;1
2562;1
2563;1
2564;1
2565;1
2566;1
2567;1
2568;1
2569;1
2570;1
2571;1
2572;1
2573;0
2574;1
2575;1
2576;1
2577;1
2578;1
2579;1
2580;1
2581;1
2582;1
2583;1
2584;1
2585;1
2586;1
2587;1
2588;1
2589;1
2590;1
2591;1
2592;1
2593;0
2594;1
2595;1
2596;1
2597;1
2598;1
2599;1
2600;1
2601;1
2602;1
2603;1
2604;1
2605;1
2606;1
2607;0
2608;1
2609;1
2610;1
2611;1
2612;1
2613;0
2614;0
2615;0
2616;1
2617;1
2618;1
2619;1
2620;0
2621;1
2622;1
2623;1
2624;1
2625;1
2626;1
2627;1
2628;1
2629;1
2630;0
2631;1
2632;1
2633;1
2634;0
2635;0
2636;0
2637;0
2638;0
2639;0
2640;1
2641;0
2642;0
2643;0
2644;0
2645;0
2646;0
2647;0
2648;0
2649;0
2650;0
2651;0
2652;0
2653;0
2654;1
2655;1
2656;1
2657;1
2658;1
2659;1
2660;1
2661;1
2662;1
2663;1
2664;1
2665;1
2666;0
2667;0
2668;0
2669;0
2670;0
2671;0
2672;0
2673;0
2674;0
2675;0
2676;1
2677;1
2678;1
2679;1
2680;1
2681;1
2682;1
2683;1
2684;1
2685;1
2686;1
2687;1
2688;1
2689;1
2690;1
2691;1
2692;1
2693;1
2694;1
2695;1
2696;0
2697;0
2698;0
2699;0
2700;0
2701;0
2702;0
2703;0
2704;0
2705;0
2706;0
2707;0
2708;0
2709;0
2710;0
2711;0
2712;0
2713;0
2714;0
2715;0
2716;0
2717;0
2718;0
2719;0
2720;0
2721;0
2722;1
2723;0
2724;0
2725;0
2726;0
2727;0
2728;0
2729;0
2730;0
2731;0
2732;0
2733;0
2734;0
2735;0
2736;0
2737;0
2738;0
2739;0
2740;0
2741;0
2742;0
2743;0
2744;0
2745;0
2746;0
2747;0
2748;0
2749;0
2750;0
2751;0
2752;0
2753;0
2754;0
2755;0
2756;0
2757;0
2758;0
2759;0
2760;0
2761;0
2762;0
2763;0
2764;0
2765;0
2766;0
2767;0
2768;0
2769;0
2770;0
2771;1
2772;0
2773;1
2774;0
2775;0
2776;0
2777;0
2778;0
2779;0
2780;0
2781;0
2782;0
2783;1
2784;0
2785;0
2786;0
2787;0
2788;0
2789;0
2790;1
2791;0
2792;0
2793;0
2794;1
2795;1
2796;0
2797;1
2798;0
2799;1
2800;0
2801;0
2802;0
2803;1
2804;0
2805;0
2806;0
2807;0
2808;0
2809;1
2810;0
2811;0
2812;0
2813;0
2814;0
2815;0
2816;0
2817;0
2818;0
2819;0
2820;1
2821;1
2822;1
2823;1
2824;0
2825;0
2826;0
2827;1
2828;1
2829;0
2830;1
2831;1
2832;0
2833;1
2834;1
2835;1
2836;1
2837;1
2838;1
2839;1
2840;1
2841;1
2842;1
2843;1
2844;1
2845;1
2846;1
2847;1
2848;1
2849;1
2850;1
2851;1
2852;1
2853;1
2854;1
2855;1
2856;1
2857;1
2858;1
2859;1
2860;1
2861;1
2862;1
2863;1
2864;1
2865;1
2866;1
2867;1
2868;1
2869;1
2870;1
2871;1
2872;1
2873;1
2874;1
2875;1
2876;1
2877;1
2878;1
2879;1
2880;1
2881;1
2882;0
2883;1
2884;1
2885;1
2886;1
2887;1
2888;1
2889;1
2890;1
2891;0
2892;1
2893;1
2894;1
2895;0
2896;0
2897;1
2898;1
2899;0
2900;0
2901;0
2902;0
2903;0
2904;0
2905;0
2906;0
2907;0
2908;0
2909;0
2910;0
2911;0
2912;0
2913;0
2914;0
2915;0
2916;0
2917;0
2918;0
2919;0
2920;0
2921;0
2922;0
2923;0
2924;0
2925;0
2926;0
2927;0
2928;0
2929;0
2930;0
2931;0
2932;0
2933;0
2934;0
2935;0
2936;0
2937;0
2938;1
2939;1
2940;1
2941;1
2942;1
2943;1
2944;1
2945;1
2946;1
2947;1
2948;1
2949;1
2950;1
2951;1
2952;1
2953;1
2954;1
2955;1
2956;1
2957;1
2958;1
2959;1
2960;1
2961;1
2962;1
2963;1
2964;1
2965;1
2966;1
2967;1
2968;1
2969;1
2970;1
2971;1
2972;1
2973;1
2974;1
2975;1
2976;1
2977;1
2978;1
2979;1
2980;1
2981;1
2982;1
2983;1
2984;1
2985;1
2986;1
2987;1
2988;1
2989;1
2990;1
2991;1
2992;1
2993;1
2994;1
2995;1
2996;1
2997;1
2998;1
2999;1
3000;1
3001;1
3002;1
3003;1
3004;1
3005;1
3006;1
3007;1
3008;1
3009;1
3010;1
3011;1
3012;1
3013;1
3014;1
3015;1
3016;1
3017;1
3018;1
3019;1
3020;1
3021;1
3022;1
3023;1
3024;1
3025;1
3026;1
3027;1
3028;1
3029;1
3030;1
3031;1
3032;1
3033;1
3034;1
3035;1
3036;1
3037;1
3038;1
3039;1
3040;1
3041;1
3042;1
3043;1
3044;1
3045;1
3046;1
3047;1
3048;1
3049;1
3050;1
3051;1
3052;1
3053;1
3054;1
3055;1
3056;1
3057;1
3058;1
3059;1
3060;1
3061;1
3062;1
3063;1
3064;1
3065;1
3066;1
3067;1
3068;1
3069;1
3070;1
3071;1
3072;1
3073;1
3074;1
3075;1
3076;1
3077;1
3078;0
3079;0
3080;0
3081;0
3082;0
3083;0
3084;0
3085;0
3086;0
3087;0
3088;0
3089;0
3090;0
3091;0
3092;0
3093;0
3094;0
3095;0
3096;1
3097;0
3098;0
3099;0
3100;0
3101;0
3102;0
3103;1
3104;0
3105;0
3106;0
3107;0
3108;0
3109;0
3110;0
3111;0
3112;0
3113;0
3114;0
3115;1
3116;1
3117;1
3118;1
3119;1
3120;1
3121;1
3122;1
3123;1
3124;1
3125;1
3126;1
3127;1
3128;1
3129;0
3130;0
3131;0
3132;0
3133;0
3134;0
3135;0
3136;0
3137;1
3138;0
3139;0
3140;0
3141;0
3142;1
3143;0
3144;0
3145;1
3146;1
3147;0
3148;0
3149;0
3150;0
3151;0
3152;1
3153;1
3154;1
3155;1
3156;1
3157;1
3158;1
3159;1
3160;1
3161;1
3162;1
3163;1
3164;1
3165;1
3166;1
3167;1
3168;1
3169;1
3170;1
3171;0
3172;1
3173;1
3174;1
3175;1
3176;1
3177;1
3178;1
3179;0
3180;1
3181;1
3182;1
3183;1
3184;1
3185;0
3186;1
3187;1
3188;1
3189;1
3190;1
3191;1
3192;1
3193;1
3194;1
3195;1
3196;1
3197;1
3198;1
3199;0
3200;0
3201;1
3202;1
3203;1
3204;0
3205;0
3206;0
3207;1
3208;1
3209;0
3210;1
3211;0
3212;1
3213;1
3214;1
3215;1
3216;1
3217;0
3218;0
3219;0
3220;1
3221;1
3222;1
3223;0
3224;0
3225;0
3226;0
3227;0
3228;0
3229;0
3230;0
3231;0
3232;0
3233;0
3234;0
3235;0
3236;0
3237;0
3238;0
3239;0
3240;0
3241;0
3242;0
3243;0
3244;0
3245;0
3246;0
3247;0
3248;0
3249;0
3250;0
3251;0
3252;0
3253;0
3254;0
3255;0
3256;0
3257;0
3258;0
3259;0
3260;0
3261;0
3262;0
3263;0
3264;0
3265;0
3266;0
3267;0
3268;0
3269;0
3270;0
3271;0
3272;0
3273;0
3274;0
3275;0
3276;0
3277;0
3278;0
3279;0
3280;0
3281;0
3282;0
3283;0
3284;0
3285;0
3286;0
3287;0
3288;0
3289;0
3290;0
3291;0
3292;0
3293;0
3294;0
3295;0
3296;0
3297;0
3298;0
3299;0
3300;0
3301;0
3302;0
3303;0
3304;0
3305;0
3306;0
3307;0
3308;0
3309;0
3310;0
3311;0
3312;0
3313;0
3314;0
3315;0
3316;0
3317;0
3318;0
3319;0
3320;0
3321;0
3322;0
3323;0
3324;1
3325;1
3326;1
3327;1
3328;1
3329;1
3330;1
3331;1
3332;1
3333;1
3334;1
3335;1
3336;1
3337;1
3338;1
3339;1
3340;1
3341;1
3342;1
3343;1
3344;1
3345;1
3346;1
3347;1
3348;1
3349;1
3350;1
3351;1
3352;1
3353;1
3354;1
3355;1
3356;1
3357;1
3358;1
3359;1
3360;1
3361;1
3362;1
3363;1
3364;1
3365;1
3366;1
3367;1
3368;1
3369;1
3370;1
3371;1
3372;1
3373;1
3374;1
3375;1
3376;1
3377;0
3378;0
3379;0
3380;1
3381;1
3382;1
3383;0
3384;0
3385;0
3386;1
3387;1
3388;1
3389;1
3390;1
3391;1
3392;1
3393;1
3394;1
3395;1
3396;1
3397;1
3398;1
3399;1
3400;1
3401;1
3402;1
3403;1
3404;1
3405;1
3406;1
3407;1
3408;1
3409;1
3410;1
3411;1
3412;1
3413;1
3414;1
3415;1
3416;1
3417;1
3418;1
3419;1
3420;0
3421;0
3422;1
3423;1
3424;0
3425;0
3426;0
3427;0
3428;0
3429;0
3430;0
3431;0
3432;0
3433;0
3434;0
3435;0
3436;0
3437;0
3438;0
3439;0
3440;1
3441;0
3442;1
3443;1
3444;1
3445;1
3446;1
3447;1
3448;1
3449;1
3450;1
3451;1
3452;1
3453;0
3454;1
3455;1
3456;1
3457;1
3458;1
3459;1
3460;1
3461;1
3462;1
3463;0
3464;0
3465;1
3466;0
3467;1
3468;0
3469;0
3470;0
3471;0
3472;0
3473;1
3474;1
3475;0
3476;0
3477;0
3478;0
3479;0
3480;1
3481;1
3482;1
3483;0
3484;1
3485;1
3486;1
3487;1
3488;1
3489;0
3490;1
3491;1
3492;0
3493;0
3494;0
3495;0
3496;0
3497;0
3498;1
3499;0
3500;0
3501;0
3502;0
3503;0
3504;0
3505;0
3506;0
3507;0
3508;0
3509;0
3510;0
3511;0
3512;0
3513;1
3514;1
3515;1
3516;1
3517;1
3518;1
3519;1
3520;1
3521;1
3522;1
3523;1
3524;1
3525;1
3526;1
3527;1
3528;1
3529;1
3530;1
3531;1
3532;1
3533;1
3534;1
3535;1
3536;1
3537;1
3538;1
3539;1
3540;1
3541;1
3542;1
3543;1
3544;1
3545;1
3546;1
3547;1
3548;0
3549;0
3550;1
3551;0
3552;0
3553;0
3554;0
3555;0
3556;0
3557;0
3558;0
3559;0
3560;0
3561;0
3562;1
3563;1
3564;0
3565;1
3566;1
3567;0
3568;0
3569;0
3570;0
3571;0
3572;0
3573;0
3574;0
3575;0
3576;0
3577;0
3578;0
3579;0
3580;0
3581;0
3582;0
3583;0
3584;0
3585;0
3586;0
3587;0
3588;0
3589;0
3590;0
3591;0
3592;0
3593;0
3594;0
3595;0
3596;0
3597;0
3598;0
3599;0
3600;0
3601;0
3602;0
3603;0
3604;0
3605;0
3606;0
3607;0
3608;0
3609;0
3610;0
3611;0
3612;0
3613;0
3614;0
3615;0
3616;0
3617;0
3618;0
3619;0
3620;0
3621;0
3622;0
3623;0
3624;0
3625;0
3626;0
3627;0
3628;0
3629;0
3630;0
3631;0
3632;0
3633;0
3634;0
3635;0
3636;0
3637;0
3638;0
3639;0
3640;0
3641;0
3642;0
3643;0
3644;0
3645;0
3646;0
3647;0
3648;0
3649;0
3650;0
3651;0
3652;0
3653;0
3654;0
3655;0
3656;0
3657;0
3658;0
3659;0
3660;0
3661;0
3662;0
3663;0
3664;0
3665;0
3666;0
3667;0
3668;0
3669;0
3670;0
3671;0
3672;0
3673;0
3674;0
3675;0
3676;0
3677;0
3678;0
3679;0
3680;0
3681;0
3682;0
3683;0
3684;0
3685;0
3686;0
3687;0
3688;0
3689;0
3690;0
3691;0
3692;0
3693;0
3694;0
3695;0
3696;0
3697;0
3698;0
3699;0
3700;0
3701;0
3702;0
3703;0
3704;0
3705;0
3706;0
3707;0
3708;0
3709;0
3710;0
3711;0
3712;0
3713;0
3714;0
3715;0
3716;0
3717;0
3718;0
3719;0
3720;0
3721;0
3722;0
3723;0
3724;0
3725;0
3726;0
3727;0
3728;0
3729;0
3730;0
3731;0
3732;0
3733;0
3734;0
3735;0
3736;0
3737;0
3738;0
3739;0
3740;1
3741;0
3742;0
3743;0
3744;0
3745;0
3746;0
3747;0
3748;0
3749;0
3750;0
3751;0
3752;0
3753;0
3754;0
3755;0
3756;0
3757;0
3758;0
3759;0
3760;0
3761;0
3762;0
3763;0
3764;0
3765;0
3766;0
3767;0
3768;1
3769;1
3770;1
3771;1
3772;1
3773;1
3774;1
3775;1
3776;1
3777;1
3778;1
3779;1
3780;1
3781;1
3782;1
3783;1
3784;1
3785;1
3786;1
3787;1
3788;1
3789;1
3790;1
3791;1
3792;1
3793;1
3794;1
3795;1
3796;1
3797;1
3798;1
3799;1
3800;1
3801;1
3802;1
3803;1
3804;1
3805;1
3806;1
3807;1
3808;1
3809;1
3810;1
3811;1
3812;1
3813;1
3814;1
3815;1
3816;1
3817;1
3818;1
3819;1
3820;1
3821;1
3822;1
3823;1
3824;1
3825;1
3826;0
3827;1
3828;1
3829;1
3830;1
3831;0
3832;1
3833;1
3834;1
3835;1
3836;1
3837;1
3838;1
3839;1
3840;1
3841;1
3842;1
3843;1
3844;1
3845;1
3846;1
3847;1
3848;1
3849;1
3850;1
3851;1
3852;0
3853;1
3854;1
3855;1
3856;1
3857;1
3858;1
3859;1
3860;1
3861;1
3862;1
3863;1
3864;1
3865;1
3866;1
3867;1
3868;1
3869;1
3870;1
3871;1
3872;1
3873;1
3874;1
3875;1
3876;1
3877;1
3878;1
3879;1
3880;1
3881;1
3882;1
3883;1
3884;0
3885;1
3886;1
3887;1
3888;1
3889;1
3890;1
3891;1
3892;1
3893;1
3894;1
3895;1
3896;1
3897;1
3898;1
3899;1
3900;1
3901;1
3902;1
3903;1
3904;1
3905;1
3906;1
3907;1
3908;1
3909;1
3910;1
3911;1
3912;1
3913;1
3914;1
3915;1
3916;1
3917;1
3918;1
3919;1
3920;1
3921;1
3922;1
3923;1
3924;1
3925;1
3926;1
3927;1
3928;1
3929;1
3930;1
3931;1
3932;1
3933;1
3934;1
3935;1
3936;1
3937;1
3938;1
3939;1
3940;1
3941;1
3942;1
3943;1
3944;1
3945;1
3946;1
3947;1
3948;1
3949;1
3950;0
3951;0
3952;0
3953;0
3954;0
3955;0
3956;1
3957;0
3958;1
3959;0
3960;0
3961;0
3962;0
3963;0
3964;0
3965;0
3966;0
3967;0
3968;0
3969;0
3970;0
3971;0
3972;0
3973;0
3974;0
3975;0
3976;0
3977;0
3978;0
3979;0
3980;0
3981;0
3982;0
3983;0
3984;0
3985;0
3986;0
3987;0
3988;1
3989;0
3990;1
3991;1
3992;1
3993;0
3994;1
3995;1
3996;0
3997;1
3998;0
3999;0
4000;0
4001;0
4002;0
4003;1
4004;0
4005;1
4006;0
4007;0
4008;1
4009;0
4010;0
4011;0
4012;0
4013;0
4014;0
4015;0
4016;0
4017;0
4018;0
4019;0
4020;0
4021;0
4022;0
4023;0
4024;0
4025;0
4026;0
4027;1
4028;1
4029;1
4030;1
4031;1
4032;1
4033;1
4034;1
4035;0
4036;0
4037;0
4038;0
4039;0
4040;0
4041;0
4042;0
4043;0
4044;0
4045;0
4046;0
4047;0
4048;0
4049;0
4050;0
4051;0
4052;0
4053;0
4054;0
4055;0
4056;0
4057;0
4058;0
4059;0
4060;0
4061;0
4062;0
4063;0
4064;0
4065;0
4066;0
4067;0
4068;0
4069;0
4070;0
4071;0
4072;0
4073;0
4074;0
4075;0
4076;0
4077;0
4078;0
4079;0
4080;0
4081;0
4082;0
4083;0
4084;0
4085;0
4086;0
4087;0
4088;0
4089;0
4090;0
4091;0
4092;0
4093;0
4094;0
4095;0
4096;0
4097;0
4098;0
4099;0
4100;0
4101;0
4102;0
4103;0
4104;0
4105;0
4106;0
4107;0
4108;0
4109;0
4110;0
4111;0
4112;0
4113;0
4114;0
4115;0
4116;0
4117;0
4118;0
4119;0
4120;0
4121;0
4122;0
4123;0
4124;0
4125;0
4126;0
4127;0
4128;0
4129;0
4130;0
4131;0
4132;0
4133;0
4134;0
4135;0
4136;0
4137;0
4138;0
4139;0
4140;0
4141;0
4142;0
4143;0
4144;0
4145;0
4146;0
4147;0
4148;0
4149;0
4150;0
4151;0
4152;0
4153;0
4154;0
4155;0
4156;0
4157;0
4158;0
4159;0
4160;0
4161;0
4162;0
4163;0
4164;0
4165;0
4166;0
4167;0
4168;0
4169;0
4170;0
4171;0
4172;0
4173;0
4174;0
4175;0
4176;0
4177;0
4178;0
4179;0
4180;0
4181;0
4182;0
4183;0
4184;0
4185;0
4186;0
4187;0
4188;0
4189;0
4190;0
4191;0
4192;0
4193;0
4194;0
4195;0
4196;0
4197;0
4198;0
4199;0
4200;0
4201;0
4202;0
4203;0
4204;0
4205;0
4206;0
4207;0
4208;0
4209;0
4210;0
4211;0
4212;0
4213;0
4214;0
4215;0
4216;0
4217;0
4218;0
4219;0
4220;0
4221;0
4222;0
4223;0
4224;0
4225;0
4226;0
4227;0
4228;0
4229;0
4230;0
4231;0
4232;0
4233;0
4234;0
4235;0
4236;0
4237;0
4238;0
4239;0
4240;0
4241;0
4242;0
4243;0
4244;0
4245;0
4246;0
4247;0
4248;0
4249;0
4250;0
4251;0
4252;0
4253;0
4254;0
4255;0
4256;0
4257;0
4258;0
4259;0
4260;0
4261;0
4262;0
4263;0
4264;0
4265;0
4266;0
4267;0
4268;0
4269;0
4270;0
4271;1
4272;1
4273;1
4274;1
4275;1
4276;1
4277;1
4278;1
4279;1
4280;1
4281;1
4282;1
4283;1
4284;1
4285;1
4286;1
4287;1
4288;1
4289;1
4290;1
4291;1
4292;1
4293;1
4294;1
4295;1
4296;1
4297;1
4298;1
4299;1
4300;1
4301;1
4302;1
4303;0
4304;1
4305;1
4306;1
4307;1
4308;1
4309;0
4310;1
4311;1
4312;1
4313;1
4314;1
4315;1
4316;1
4317;1
4318;0
4319;0
4320;1
4321;1
4322;1
4323;1
4324;0
4325;0
4326;0
4327;0
4328;0
4329;0
4330;0
4331;0
4332;0
4333;0
4334;0
4335;0
4336;0
4337;0
4338;0
4339;0
4340;0
4341;0
4342;0
4343;0
4344;0
4345;0
4346;0
4347;0
4348;0
4349;0
4350;0
4351;0
4352;0
4353;0
4354;0
4355;0
4356;0
4357;0
4358;0
4359;0
4360;0
4361;0
4362;0
4363;0
4364;0
4365;0
4366;0
4367;0
4368;0
4369;0
4370;0
4371;0
4372;0
4373;0
4374;0
4375;0
4376;0
4377;0
4378;0
4379;0
4380;0
4381;0
4382;0
4383;0
4384;0
4385;0
4386;0
4387;0
4388;0
4389;0
4390;0
4391;0
4392;0
4393;0
4394;0
4395;0
4396;0
4397;0
4398;0
4399;0
4400;0
4401;0
4402;0
4403;0
4404;0
4405;1
4406;1
4407;1
4408;1
4409;1
4410;1
4411;1
4412;1
4413;1
4414;1
4415;1
4416;1
4417;1
4418;1
4419;1
4420;1
4421;1
4422;1
4423;1
4424;1
4425;1
4426;1
4427;1
4428;1
4429;1
4430;1
4431;1
4432;1
4433;1
4434;1
4435;1
4436;1
4437;1
4438;1
4439;1
4440;1
4441;1
4442;1
4443;1
4444;1
4445;1
4446;1
4447;1
4448;1
4449;1
4450;1
4451;1
4452;1
4453;1
4454;1
4455;1
4456;1
4457;1
4458;1
4459;1
4460;1
4461;1
4462;1
4463;1
4464;1
4465;1
4466;1
4467;1
4468;1
4469;1
4470;1
4471;1
4472;1
4473;0
4474;1
4475;1
4476;1
4477;1
4478;1
4479;1
4480;1
4481;1
4482;1
4483;1
4484;1
4485;1
4486;1
4487;1
4488;1
4489;1
4490;1
4491;1
4492;0
4493;0
4494;0
4495;0
4496;0
4497;0
4498;0
4499;0
4500;0
4501;0
4502;0
4503;0
4504;0
4505;0
4506;0
4507;0
4508;0
4509;0
4510;0
4511;0
4512;0
4513;0
4514;0
4515;0
4516;0
4517;0
4518;0
4519;0
4520;0
4521;0
4522;0
4523;0
4524;0
4525;0
4526;0
4527;0
4528;0
4529;0
4530;0
4531;0
4532;0
4533;0
4534;0
4535;0
4536;0
4537;0
4538;0
4539;0
4540;0
4541;0
4542;0
4543;1
4544;0
4545;0
4546;0
4547;0
4548;0
4549;0
4550;0
4551;0
4552;0
4553;0
4554;0
4555;0
4556;0
4557;0
4558;0
4559;0
4560;0
4561;0
4562;0
4563;0
4564;0
4565;0
4566;0
4567;0
4568;0
4569;0
4570;0
4571;1
4572;1
4573;1
4574;1
4575;1
4576;1
4577;1
4578;1
4579;1
4580;1
4581;1
4582;1
4583;1
4584;1
4585;1
4586;1
4587;1
4588;1
4589;1
4590;1
4591;0
4592;0
4593;0
4594;0
4595;1
4596;0
4597;0
4598;0
4599;0
4600;0
4601;0
4602;1
4603;1
4604;1
4605;1
4606;1
4607;1
4608;1
4609;1
4610;1
4611;1
4612;1
4613;0
4614;0
4615;0
4616;0
4617;0
4618;0
4619;0
4620;0
4621;0
4622;0
4623;0
4624;0
4625;0
4626;0
4627;0
4628;0
4629;0
4630;0
4631;0
4632;0
4633;0
4634;0
4635;0
4636;0
4637;0
4638;0
4639;0
4640;0
4641;0
4642;0
4643;0
4644;0
4645;0
4646;0
4647;0
4648;0
4649;0
4650;0
4651;0
4652;0
4653;0
4654;0
4655;0
4656;0
4657;0
4658;0
4659;0
4660;0
4661;0
4662;0
4663;0
4664;0
4665;0
4666;0
4667;0
4668;0
4669;0
4670;0
4671;0
4672;0
4673;0
4674;0
4675;0
4676;0
4677;0
4678;0
4679;0
4680;0
4681;0
4682;0
4683;0
4684;0
4685;0
4686;0
4687;0
4688;0
4689;0
4690;0
4691;0
4692;0
4693;0
4694;0
4695;0
4696;0
4697;0
4698;0
4699;0
4700;0
4701;0
4702;0
4703;0
4704;0
4705;0
4706;1
4707;0
4708;1
4709;0
4710;1
4711;0
4712;0
4713;0
4714;0
4715;0
4716;0
4717;0
4718;0
4719;0
4720;0
4721;0
4722;0
4723;0
4724;0
4725;0
4726;0
4727;0
4728;0
4729;0
4730;1
4731;0
4732;1
4733;1
4734;1
4735;1
4736;1
4737;1
4738;1
4739;1
4740;0
4741;1
4742;0
4743;1
4744;0
4745;0
4746;0
4747;1
4748;1
4749;1
4750;1
4751;1
4752;1
4753;1
4754;1
4755;1
4756;1
4757;1
4758;1
4759;1
4760;1
4761;1
4762;1
4763;1
4764;1
4765;1
4766;1
4767;1
4768;1
4769;1
4770;1
4771;1
4772;1
4773;1
4774;1
4775;1
4776;1
4777;1
4778;1
4779;1
4780;1
4781;1
4782;1
4783;1
4784;1
4785;1
4786;1
4787;1
4788;1
4789;1
4790;1
4791;1
4792;1
4793;1
4794;1
4795;1
4796;1
4797;1
4798;0
4799;1
4800;1
4801;1
4802;1
4803;1
4804;1
4805;1
4806;1
4807;1
4808;1
4809;1
4810;1
4811;1
4812;1
4813;1
4814;1
4815;1
4816;0
4817;0
4818;0
4819;0
4820;0
4821;0
4822;0
4823;0
4824;0
4825;0
4826;0
4827;0
4828;0
4829;0
4830;0
4831;0
4832;0
4833;0
4834;0
4835;0
4836;0
4837;0
4838;0
4839;0
4840;0
4841;0
4842;0
4843;0
4844;0
4845;0
4846;0
4847;0
4848;0
4849;0
4850;0
4851;0
4852;0
4853;0
4854;0
4855;0
4856;0
4857;0
4858;0
4859;0
4860;0
4861;0
4862;0
4863;0
4864;0
4865;0
4866;0
4867;0
4868;0
4869;0
4870;0
4871;0
4872;0
4873;0
4874;0
4875;0
4876;0
4877;0
4878;0
4879;0
4880;0
4881;0
4882;0
4883;0
4884;0
4885;0
4886;0
4887;0
4888;0
4889;0
4890;0
4891;0
4892;0
4893;0
4894;0
4895;0
4896;0
4897;0
4898;0
4899;0
4900;0
4901;0
4902;0
4903;0
4904;0
4905;0
4906;0
4907;0
4908;0
4909;0
4910;0
4911;0
4912;0
4913;0
4914;0
4915;0
4916;0
4917;0
4918;0
4919;0
4920;0
4921;0
4922;0
4923;0
4924;0
4925;0
4926;0
4927;0
4928;0
4929;0
4930;0
4931;0
4932;0
4933;0
4934;0
4935;0
4936;1
4937;1
4938;1
4939;1
4940;1
4941;1
4942;1
4943;1
4944;0
4945;0
4946;0
4947;0
4948;0
4949;0
4950;0
4951;0
4952;0
4953;0
4954;0
4955;0
4956;0
4957;0
4958;0
4959;0
4960;1
4961;0
4962;1
4963;0
4964;1
4965;0
4966;0
4967;0
4968;0
4969;0
4970;0
4971;0
4972;0
4973;0
4974;0
4975;0
4976;0
4977;0
4978;0
4979;0
4980;0
4981;0
4982;0
4983;0
4984;0
4985;0
4986;0
4987;0
4988;0
4989;0
4990;0
4991;0
4992;0
4993;0
4994;0
4995;0
4996;0
4997;0
4998;0
4999;0
5000;0
5001;0
5002;0
5003;0
5004;0
5005;0
5006;0
5007;0
5008;0
5009;0
5010;0
5011;0
5012;0
5013;0
5014;0
5015;0
5016;0
5017;0
5018;0
5019;0
5020;0
5021;0
5022;0
5023;0
5024;0
5025;0
5026;0
5027;0
5028;0
5029;0
5030;0
5031;0
5032;0
5033;0
5034;0
5035;0
5036;0
5037;0
5038;0
5039;0
5040;0
5041;0
5042;0
5043;0
5044;0
5045;0
5046;0
5047;0
5048;0
5049;0
5050;0
5051;0
5052;0
5053;0
5054;0
5055;0
5056;0
5057;0
5058;0
5059;0
5060;1
5061;0
5062;0
5063;0
5064;1
5065;1
5066;0
5067;0
5068;0
5069;0
5070;0
5071;0
5072;0
5073;0
5074;0
5075;0
5076;0
5077;0
5078;0
5079;0
5080;0
5081;0
5082;0
5083;0
5084;0
5085;0
5086;0
5087;0
5088;0
5089;0
5090;0
5091;0
5092;0
5093;1
5094;1
5095;1
5096;1
5097;1
5098;1
5099;1
5100;1
5101;1
5102;1
5103;1
5104;1
5105;1
5106;1
5107;1
5108;1
5109;1
5110;1
5111;1
5112;1
5113;1
5114;1
5115;1
5116;1
5117;1
5118;1
5119;1
5120;1
5121;1
5122;1
5123;1
5124;1
5125;0
5126;0
5127;1
5128;0
5129;0
5130;0
5131;0
5132;0
5133;0
5134;0
5135;0
5136;0
5137;0
5138;0
5139;0
5140;0
5141;0
5142;0
5143;0
5144;0
5145;0
5146;0
5147;0
5148;0
5149;0
5150;0
5151;0
5152;0
5153;0
5154;0
5155;0
5156;0
5157;0
5158;0
5159;0
5160;0
5161;0
5162;0
5163;0
5164;0
5165;0
5166;0
5167;0
5168;0
5169;0
5170;0
5171;0
5172;0
5173;0
5174;0
5175;0
5176;0
5177;0
5178;0
5179;0
5180;0
5181;0
5182;0
5183;0
5184;0
5185;0
5186;0
5187;0
5188;0
5189;0
5190;0
5191;0
5192;0
5193;0
5194;0
5195;0
5196;0
5197;0
5198;0
5199;0
5200;0
5201;0
5202;0
5203;0
5204;0
5205;0
5206;0
5207;0
5208;0
5209;0
5210;0
5211;0
5212;0
5213;0
5214;0
5215;0
5216;0
5217;0
5218;0
5219;0
5220;0
5221;0
5222;0
5223;0
5224;0
5225;0
5226;0
5227;0
5228;0
5229;0
5230;0
5231;0
5232;0
5233;0
5234;0
5235;0
5236;0
5237;0
5238;0
5239;0
5240;0
5241;0
5242;0
5243;0
5244;0
5245;0
5246;0
5247;0
5248;0
5249;0
5250;0
5251;0
5252;0
5253;0
5254;0
5255;0
5256;0
5257;0
5258;0
5259;0
5260;0
5261;0
5262;0
5263;0
5264;0
5265;0
5266;0
5267;0
5268;0
5269;0
5270;0
5271;0
5272;0
5273;0
5274;0
5275;0
5276;0
5277;0
5278;0
5279;0
5280;0
5281;0
5282;0
5283;0
5284;0
5285;0
5286;0
5287;0
5288;0
5289;0
5290;0
5291;0
5292;0
5293;0
5294;0
5295;0
5296;0
5297;0
5298;0
5299;0
5300;0
5301;0
5302;0
5303;0
5304;0
5305;0
5306;0
5307;0
5308;0
5309;0
5310;0
5311;0
5312;0
5313;0
5314;0
5315;0
5316;0
5317;0
5318;0
5319;0
5320;0
5321;0
5322;0
5323;0
5324;0
5325;0
5326;0
5327;0
5328;0
5329;1
5330;0
5331;0
5332;0
5333;0
5334;0
5335;0
5336;0
5337;1
5338;0
5339;0
5340;0
5341;0
5342;0
5343;0
5344;0
5345;0
5346;0
5347;0
5348;0
5349;1
5350;0
5351;1
5352;1
5353;1
5354;1
5355;1
5356;1
5357;1
5358;1
5359;0
5360;1
5361;1
5362;0
5363;0
5364;0
5365;0
5366;0
5367;0
5368;0
5369;0
5370;0
5371;0
5372;1
5373;1
5374;0
5375;0
5376;0
5377;0
5378;0
5379;0
5380;0
5381;0
5382;0
5383;0
5384;0
5385;0
5386;0
5387;0
5388;0
5389;0
5390;0
5391;1
5392;0
5393;0
5394;0
5395;0
5396;0
5397;0
5398;0
5399;0
5400;0
5401;0
5402;0
5403;0
5404;0
5405;0
5406;0
5407;0
5408;0
5409;0
5410;0
5411;0
5412;0
5413;0
5414;0
5415;0
5416;0
5417;0
5418;0
5419;0
5420;0
5421;0
5422;0
5423;0
5424;0
5425;0
5426;0
5427;0
5428;0
5429;0
5430;0
5431;0
5432;0
5433;0
5434;0
5435;0
5436;0
5437;0
5438;0
5439;0
5440;0
5441;0
5442;0
5443;0
5444;0
5445;0
5446;0
5447;0
5448;0
5449;0
5450;0
5451;0
5452;0
5453;0
5454;0
5455;1
5456;1
5457;1
5458;1
5459;1
5460;1
5461;1
5462;1
5463;1
5464;1
5465;1
5466;1
5467;1
5468;1
5469;1
5470;1
5471;1
5472;1
5473;1
5474;1
5475;1
5476;1
5477;1
5478;1
5479;1
5480;1
5481;1
5482;1
5483;1
5484;1
5485;1
5486;0
5487;1
5488;1
5489;1
5490;1
5491;0
5492;0
5493;0
5494;1
5495;1
5496;0
5497;0
5498;0
5499;0
5500;0
5501;1
5502;0
5503;0
5504;0
5505;1
5506;1
5507;1
5508;0
5509;0
5510;0
5511;0
5512;1
5513;1
5514;1
5515;1
5516;1
5517;1
5518;1
5519;0
5520;0
5521;1
5522;0
5523;1
5524;1
5525;1
5526;1
5527;1
5528;1
5529;1
5530;0
5531;1
5532;1
5533;0
5534;0
5535;0
5536;0
5537;0
5538;0
5539;0
5540;0
5541;0
5542;0
5543;0
5544;0
5545;0
5546;0
5547;0
5548;0
5549;0
5550;0
5551;0
5552;0
5553;0
5554;0
5555;0
5556;0
5557;0
5558;0
5559;0
5560;0
5561;0
5562;0
5563;0
5564;0
5565;0
5566;0
5567;0
5568;0
5569;0
5570;0
5571;0
5572;0
5573;0
5574;0
5575;0
5576;0
5577;0
5578;0
5579;0
5580;0
5581;0
5582;0
5583;0
5584;0
5585;0
5586;0
5587;0
5588;0
5589;0
5590;0
5591;0
5592;0
5593;0
5594;0
5595;0
5596;0
5597;0
5598;0
5599;0
5600;0
5601;0
5602;0
5603;0
5604;0
5605;0
5606;0
5607;0
5608;0
5609;0
5610;0
5611;0
5612;0
5613;0
5614;0
5615;0
5616;0
5617;0
5618;0
5619;0
5620;0
5621;0
5622;0
5623;0
5624;0
5625;0
5626;0
5627;0
5628;0
5629;0
5630;0
5631;0
5632;0
5633;0
5634;0
5635;0
5636;0
5637;0
5638;0
5639;0
5640;0
5641;0
5642;0
5643;0
5644;0
5645;0
5646;0
5647;0
5648;0
5649;0
5650;0
5651;0
5652;0
5653;0
5654;0
5655;0
5656;0
5657;0
5658;0
5659;0
5660;0
5661;0
5662;0
5663;0
5664;0
5665;0
5666;0
5667;0
5668;0
5669;0
5670;0
5671;0
5672;0
5673;0
5674;0
5675;0
5676;0
5677;0
5678;0
5679;0
5680;0
5681;0
5682;0
5683;0
5684;0
5685;0
5686;0
5687;0
5688;0
5689;0
5690;0
5691;0
5692;0
5693;0
5694;0
5695;0
5696;0
5697;0
5698;0
5699;0
5700;0
5701;0
5702;0
5703;0
5704;0
5705;0
5706;0
5707;0
5708;0
5709;0
5710;0
5711;0
5712;0
5713;0
5714;0
5715;0
5716;0
5717;0
5718;0
5719;0
5720;0
5721;0
5722;0
5723;0
5724;0
5725;0
5726;0
5727;0
5728;0
5729;0
5730;0
5731;0
5732;0
5733;0
5734;0
5735;0
5736;0
5737;0
5738;0
5739;0
5740;0
5741;0
5742;0
5743;0
5744;0
5745;0
5746;0
5747;0
5748;0
5749;0
5750;0
5751;0
5752;0
5753;0
5754;0
5755;0
5756;0
5757;0
5758;0
5759;0
5760;0
5761;0
5762;0
5763;0
5764;0
5765;0
5766;0
5767;0
5768;0
5769;0
5770;0
5771;0
5772;0
5773;0
5774;0
5775;0
5776;0
5777;0
5778;0
5779;0
5780;0
5781;0
5782;0
5783;0
5784;0
5785;0
5786;0
5787;0
5788;0
5789;0
5790;0
5791;0
5792;0
5793;0
5794;0
5795;0
5796;0
5797;0
5798;0
5799;0
5800;0
5801;0
5802;0
5803;0
5804;0
5805;0
5806;0
5807;0
5808;0
5809;0
5810;0
5811;0
5812;0
5813;0
5814;0
5815;0
5816;0
5817;0
5818;1
5819;0
5820;1
5821;0
5822;0
5823;0
5824;0
5825;0
5826;0
5827;0
5828;0
5829;0
5830;0
5831;0
5832;0
5833;0
5834;0
5835;0
5836;0
5837;0
5838;0
5839;0
5840;0
5841;0
5842;0
5843;0
5844;0
5845;0
5846;0
5847;0
5848;0
5849;0
5850;0
5851;0
5852;0
5853;0
5854;0
5855;0
5856;0
5857;0
5858;0
5859;0
5860;0
5861;0
5862;0
5863;0
5864;0
5865;0
5866;0
5867;0
5868;0
5869;0
5870;0
5871;0
5872;0
5873;0
5874;0
5875;0
5876;0
5877;0
5878;0
5879;0
5880;0
5881;0
5882;0
5883;0
5884;0
5885;0
5886;0
5887;0
5888;0
5889;0
5890;0
5891;0
5892;0
5893;0
5894;0
5895;0
5896;0
5897;0
5898;0
5899;0
5900;0
5901;0
5902;0
5903;0
5904;0
5905;0
5906;0
5907;0
5908;0
5909;0
5910;0
5911;0
5912;0
5913;0
5914;0
5915;0
5916;0
5917;0
5918;0
5919;0
5920;0
5921;0
5922;0
5923;0
5924;0
5925;0
5926;0
5927;0
5928;0
5929;0
5930;0
5931;0
5932;0
5933;0
5934;0
5935;0
5936;0
5937;0
5938;0
5939;0
5940;0
5941;0
5942;0
5943;1
5944;1
5945;0
5946;0
5947;0
5948;0
5949;0
5950;0
5951;0
5952;0
5953;0
5954;0
5955;0
5956;0
5957;0
5958;0
5959;0
5960;0
5961;0
5962;0
5963;0
5964;0
5965;0
5966;0
5967;0
5968;0
5969;0
5970;0
5971;0
5972;0
5973;0
5974;0
5975;0
5976;0
5977;0
5978;0
5979;0
5980;0
5981;0
5982;0
5983;0
5984;0
5985;0
5986;0
5987;0
5988;0
5989;0
5990;0
5991;0
5992;0
5993;0
5994;0
5995;0
5996;0
5997;0
5998;0
5999;0
6000;0
6001;0
6002;0
6003;0
6004;0
6005;0
6006;0
6007;0
6008;0
6009;0
6010;0
6011;0
6012;0
6013;0
6014;0
6015;0
6016;0
6017;0
6018;0
6019;0
6020;0
6021;0
6022;0
6023;0
6024;0
6025;0
6026;0
6027;0
6028;0
6029;0
6030;0
6031;0
6032;0
6033;0
6034;0
6035;0
6036;0
6037;0
6038;0
6039;0
6040;0
6041;0
6042;0
6043;0
6044;0
6045;0
6046;0
6047;0
6048;0
6049;0
6050;0
6051;0
6052;0
6053;0
6054;0
6055;0
6056;0
6057;0
6058;0
6059;0
6060;0
6061;0
6062;0
6063;0
6064;0
6065;0
6066;0
6067;0
6068;0
6069;0
6070;0
6071;0
6072;0
6073;0
6074;0
6075;0
6076;0
6077;0
6078;0
6079;0
6080;0
6081;0
6082;0
6083;0
6084;0
6085;0
6086;0
6087;0
6088;0
6089;0
6090;0
6091;0
6092;0
6093;0
6094;0
6095;0
6096;0
6097;0
6098;0
6099;0
6100;0
6101;0
6102;0
6103;0
6104;0
6105;0
6106;0
6107;0
6108;0
6109;0
6110;0
6111;0
6112;0
6113;0
6114;0
6115;0
6116;0
6117;0
6118;0
6119;0
6120;0
6121;0
6122;0
6123;0
6124;0
6125;0
6126;0
6127;0
6128;0
6129;0
6130;0
6131;0
6132;0
6133;0
6134;0
6135;0
6136;0
6137;0
6138;0
6139;0
6140;0
6141;0
6142;0
6143;0
6144;0
6145;0
6146;0
6147;0
6148;0
6149;0
6150;0
6151;0
6152;0
6153;0
6154;0
6155;0
6156;0
6157;0
6158;0
6159;0
6160;0
6161;0
6162;0
6163;0
6164;0
6165;0
6166;0
6167;0
6168;0
6169;0
6170;0
6171;0
6172;0
6173;0
6174;0
6175;0
6176;0
6177;0
6178;0
6179;0
6180;0
6181;0
6182;0
6183;0
6184;0
6185;0
6186;0
6187;0
6188;0
6189;0
6190;0
6191;0
6192;0
6193;0
6194;0
6195;0
6196;0
6197;0
6198;0
6199;0
6200;0
6201;0
6202;0
6203;0
6204;0
6205;0
6206;0
6207;0
6208;0
6209;0
6210;0
6211;0
6212;0
6213;0
6214;0
6215;0
6216;0
6217;0
6218;0
6219;0
6220;0
6221;0
6222;0
6223;0
6224;0
6225;0
6226;0
6227;0
6228;0
6229;0
6230;0
6231;0
6232;0
6233;0
6234;0
6235;0
6236;0
6237;0
6238;0
6239;0
6240;0
6241;0
6242;0
6243;0
6244;0
6245;0
6246;0
6247;0
6248;0
6249;0
6250;0
6251;0
6252;0
6253;0
6254;0
6255;0
6256;0
6257;0
6258;0
6259;0
6260;0
6261;0
6262;0
6263;0
6264;0
6265;0
6266;0
6267;0
6268;0
6269;0
6270;0
6271;0
6272;0
6273;0
6274;0
6275;0
6276;0
6277;0
6278;0
6279;0
6280;0
6281;0
6282;0
6283;0
6284;0
6285;0
6286;0
6287;0
6288;0
6289;0
6290;0
6291;0
6292;0
6293;0
6294;0
6295;0
6296;0
6297;0
6298;0
6299;0
6300;0
6301;0
6302;0
6303;0
6304;0
6305;0
6306;0
6307;0
6308;0
6309;0
6310;0
6311;0
6312;0
6313;0
6314;0
6315;0
6316;0
6317;0
6318;0
6319;0
6320;0
6321;0
6322;0
6323;0
6324;0
6325;0
6326;0
6327;0
6328;0
6329;0
6330;0
6331;0
6332;0
6333;0
6334;0
6335;0
6336;0
6337;0
6338;0
6339;0
6340;0
6341;0
6342;0
6343;0
6344;0
6345;0
6346;0
6347;0
6348;0
6349;0
6350;0
6351;0
6352;0
6353;0
6354;0
6355;0
6356;0
6357;0
6358;0
6359;0
6360;0
6361;0
6362;0
6363;0
6364;0
6365;0
6366;0
6367;0
6368;0
6369;0
6370;0
6371;0
6372;0
6373;0
6374;0
6375;0
6376;0
6377;0
6378;0
6379;0
6380;0
6381;0
6382;0
6383;0
6384;0
6385;0
6386;0
6387;0
6388;0
6389;0
6390;0
6391;0
6392;0
6393;0
6394;0
6395;0
6396;0
6397;0
6398;0
6399;0
6400;0
6401;0
6402;0
6403;0
6404;0
6405;0
6406;0
6407;0
6408;0
6409;0
6410;0
6411;0
6412;0
6413;0
6414;0
6415;0
6416;0
6417;0
6418;0
6419;0
6420;0
6421;0
6422;0
6423;0
6424;0
6425;0
6426;0
6427;0
6428;0
6429;0
6430;0
6431;0
6432;0
6433;0
6434;0
6435;0
6436;0
6437;0
6438;0
6439;0
6440;0
6441;0
6442;0
6443;0
6444;0
6445;0
6446;0
6447;0
6448;0
6449;0
6450;0
6451;0
6452;0
6453;0
6454;0
6455;0
6456;0
6457;0
6458;0
6459;0
6460;0
6461;0
6462;0
6463;0
6464;0
6465;0
6466;0
6467;0
6468;0
6469;0
6470;0
6471;0
6472;0
6473;0
6474;0
6475;0
6476;0
6477;0
6478;0
6479;0
6480;0
6481;0
6482;0
6483;0
6484;0
6485;0
6486;0
6487;0
6488;0
6489;0
6490;0
6491;0
6492;0
6493;0
6494;0
6495;0
6496;0
6497;0
6498;0
6499;0
6500;0
6501;0
6502;0
6503;0
6504;0
6505;0
6506;0
6507;0
6508;0
6509;0
6510;0
6511;0
6512;0
6513;0
6514;0
6515;0
6516;0
6517;0
6518;0
6519;0
6520;0
6521;0
6522;0
6523;0
6524;0
6525;0
6526;0
6527;0
6528;0
6529;0
6530;0
6531;0
6532;0
6533;0
6534;0
6535;0
6536;0
6537;0
6538;0
6539;0
6540;0
6541;0
6542;0
6543;0
6544;1
6545;0
6546;1
6547;1
6548;1
6549;1
6550;1
6551;1
6552;1
6553;1
6554;1
6555;1
6556;1
6557;1
6558;1
6559;1
6560;1
6561;1
6562;1
6563;0
6564;0
6565;1
6566;1
6567;0
6568;0
6569;0
6570;0
6571;0
6572;1
6573;1
6574;1
6575;1
6576;1
6577;1
6578;1
6579;1
6580;1
6581;1
6582;0
6583;0
6584;0
6585;0
6586;0
6587;0
6588;0
6589;0
6590;0
6591;0
6592;0
6593;0
6594;0
6595;0
6596;0
6597;0
6598;0
6599;0
6600;0
6601;0
6602;0
6603;0
6604;0
6605;0
6606;0
6607;0
6608;0
6609;0
6610;0
6611;0
6612;1
6613;1
6614;1
6615;1
6616;1
6617;0
6618;0
6619;0
6620;0
6621;0
6622;0
6623;0
