ID;xa;xb;xm;xn;ya;yb;ym;yn;za;zb;zm;zn;idx_a;idx_b;idx_m;idx_n;rhoa;err;k;array;L;b;b_on_L;DOI_coef;xDOI;yDOI;idx_cell_DOI;frechet_DOI;rhoa_th
0;-15.0;-13.5;-12.0;-10.5;0.0;0.0;0.0;0.0;0.0;0.0;0.0;0.0;0;1;2;3;93.0706403149685;0.0100003016580337;-4.499999999999994;DD;4.5;1.5;0.3333333333333333;0.1058509565339328;-12.75;-0.4763293044026976;882;0.045773177833723415;92.8982783208658
1;-13.5;-12.0;-10.5;-9.0;0.0;0.0;0.0;0.0;0.0;0.0;0.0;0.0;1;2;3;4;92.89697031414;0.0100003022219804;-4.499999999999994;DD;4.5;1.5;0.3333333333333333;0.1058509565339328;-11.25;-0.4763293044026976;436;0.001951111013269348;92.59260300847063
2;-12.0;-10.5;-9.0;-7.5;0.0;0.0;0.0;0.0;0.0;0.0;0.0;0.0;2;3;4;5;92.7841975857504;0.0100003025893101;-4.499999999999994;DD;4.5;1.5;0.3333333333333333;0.1058509565339328;-9.75;-0.4763293044026976;490;0.0018450266468791401;92.52235067813234
3;-10.5;-9.0;-7.5;-6.0;0.0;0.0;0.0;0.0;0.0;0.0;0.0;0.0;3;4;5;6;93.4292519028835;0.0100003005001732;-4.499999999999994;DD;4.5;1.5;0.3333333333333333;0.1058509565339328;-8.25;-0.4763293044026976;600;0.04327546404229195;92.98295532211846
4;-9.0;-7.5;-6.0;-4.5;0.0;0.0;0.0;0.0;0.0;0.0;0.0;0.0;4;5;6;7;94.6487134539971;0.0100002966285059;-4.499999999999994;DD;4.5;1.5;0.3333333333333333;0.1058509565339328;-6.75;-0.4763293044026976;456;0.0018210891853720087;94.1465545913133
5;-7.5;-6.0;-4.5;-3.0;0.0;0.0;0.0;0.0;0.0;0.0;0.0;0.0;5;6;7;8;95.224204417874;0.010000294835821;-4.499999999999994;DD;4.5;1.5;0.3333333333333333;0.1058509565339328;-5.25;-0.4763293044026976;478;0.0017941248211694556;94.65316886898746
6;-6.0;-4.5;-3.0;-1.5;0.0;0.0;0.0;0.0;0.0;0.0;0.0;0.0;6;7;8;9;95.1373996467205;0.0100002951048336;-4.499999999999994;DD;4.5;1.5;0.3333333333333333;0.1058509565339328;-3.75;-0.4763293044026976;602;0.04345338885119541;94.55877387308382
7;-4.5;-3.0;-1.5;0.0;0.0;0.0;0.0;0.0;0.0;0.0;0.0;0.0;7;8;9;10;94.5889953061653;0.0100002968157803;-4.499999999999994;DD;4.5;1.5;0.3333333333333333;0.1058509565339328;-2.25;-0.4763293044026976;468;0.0017780334787161883;93.97690384552325
8;-3.0;-1.5;0.0;1.5;0.0;0.0;0.0;0.0;0.0;0.0;0.0;0.0;8;9;10;11;94.1508991220398;0.0100002981969019;-4.499999999999994;DD;4.5;1.5;0.3333333333333333;0.1058509565339328;-0.75;-0.4763293044026976;561;0.04222578694892096;93.88473882428859
9;-1.5;0.0;1.5;3.0;0.0;0.0;0.0;0.0;0.0;0.0;0.0;0.0;9;10;11;12;91.3273931636858;0.0100003074160476;-4.499999999999994;DD;4.5;1.5;0.3333333333333333;0.1058509565339328;0.75;-0.4763293044026976;566;0.002116215520055043;91.60216709709637
10;0.0;1.5;3.0;4.5;0.0;0.0;0.0;0.0;0.0;0.0;0.0;0.0;10;11;12;13;86.992793873754;0.0100003227336965;-4.499999999999994;DD;4.5;1.5;0.3333333333333333;0.1058509565339328;2.25;-0.4763293044026976;606;0.04066725834378578;86.7106902679442
11;1.5;3.0;4.5;6.0;0.0;0.0;0.0;0.0;0.0;0.0;0.0;0.0;11;12;13;14;89.7817237478133;0.0100003127084775;-4.499999999999994;DD;4.5;1.5;0.3333333333333333;0.1058509565339328;3.75;-0.4763293044026976;526;0.001322919953303556;89.79058658641338
12;3.0;4.5;6.0;7.5;0.0;0.0;0.0;0.0;0.0;0.0;0.0;0.0;12;13;14;15;91.7916715985524;0.0100003058611504;-4.499999999999994;DD;4.5;1.5;0.3333333333333333;0.1058509565339328;5.25;-0.4763293044026976;513;0.04482735010570385;91.9127397776745
13;4.5;6.0;7.5;9.0;0.0;0.0;0.0;0.0;0.0;0.0;0.0;0.0;13;14;15;16;92.9205570004467;0.0100003021452653;-4.499999999999994;DD;4.5;1.5;0.3333333333333333;0.1058509565339328;6.75;-0.4763293044026976;516;0.0017730453676426494;92.7800537848062
14;6.0;7.5;9.0;10.5;0.0;0.0;0.0;0.0;0.0;0.0;0.0;0.0;14;15;16;17;93.7325314265082;0.0100002995278797;-4.499999999999994;DD;4.5;1.5;0.3333333333333333;0.1058509565339328;8.25;-0.4763293044026976;578;0.0025110687401932916;93.78779194250411
15;7.5;9.0;10.5;12.0;0.0;0.0;0.0;0.0;0.0;0.0;0.0;0.0;15;16;17;18;93.8943183919907;0.0100002990117708;-4.499999999999994;DD;4.5;1.5;0.3333333333333333;0.1058509565339328;9.75;-0.4763293044026976;549;0.04272272837255968;93.63951250955189
16;9.0;10.5;12.0;13.5;0.0;0.0;0.0;0.0;0.0;0.0;0.0;0.0;16;17;18;19;93.5836749401828;0.010000300004316;-4.499999999999994;DD;4.5;1.5;0.3333333333333333;0.1058509565339328;11.25;-0.4763293044026976;552;0.00043532710003406057;93.28800543726216
17;10.5;12.0;13.5;15.0;0.0;0.0;0.0;0.0;0.0;0.0;0.0;0.0;17;18;19;20;93.5325960339272;0.0100003001681508;-4.499999999999994;DD;4.5;1.5;0.3333333333333333;0.1058509565339328;12.75;-0.4763293044026976;541;0.002946708733772837;93.27367910762739
18;-15.0;-13.5;-10.5;-9.0;0.0;0.0;0.0;0.0;0.0;0.0;0.0;0.0;0;1;3;4;84.4274538725587;0.0100013301590713;-18.00000000000007;DD;6.0;3.0;0.5;0.13705275229357744;-12.0;-0.8223165137614646;616;0.0007585489832039613;84.51868642643572
19;-13.5;-12.0;-9.0;-7.5;0.0;0.0;0.0;0.0;0.0;0.0;0.0;0.0;1;2;4;5;84.5768680238347;0.0100013278092041;-18.00000000000007;DD;6.0;3.0;0.5;0.13705275229357744;-10.5;-0.8223165137614646;1052;0.000718419387432278;84.70397050678456
20;-12.0;-10.5;-7.5;-6.0;0.0;0.0;0.0;0.0;0.0;0.0;0.0;0.0;2;3;5;6;86.8221203409994;0.0100012934715958;-18.00000000000007;DD;6.0;3.0;0.5;0.13705275229357744;-9.0;-0.8223165137614646;599;0.0007682980202024074;87.20906075482071
21;-10.5;-9.0;-6.0;-4.5;0.0;0.0;0.0;0.0;0.0;0.0;0.0;0.0;3;4;6;7;91.0993513293411;0.0100012327415041;-18.00000000000007;DD;6.0;3.0;0.5;0.13705275229357744;-7.5;-0.8223165137614646;779;0.000874417226340378;91.83890137452018
22;-9.0;-7.5;-4.5;-3.0;0.0;0.0;0.0;0.0;0.0;0.0;0.0;0.0;4;5;7;8;94.8705585058356;0.0100011837387388;-18.00000000000007;DD;6.0;3.0;0.5;0.13705275229357744;-6.0;-0.8223165137614646;620;0.0009209467915869591;95.81067009731888
23;-7.5;-6.0;-3.0;-1.5;0.0;0.0;0.0;0.0;0.0;0.0;0.0;0.0;5;6;8;9;95.9768826976939;0.0100011700938102;-18.00000000000007;DD;6.0;3.0;0.5;0.13705275229357744;-4.5;-0.8223165137614646;784;0.0009287043205261375;96.83742455333768
24;-6.0;-4.5;-1.5;0.0;0.0;0.0;0.0;0.0;0.0;0.0;0.0;0.0;6;7;9;10;94.2432291259628;0.0100011916182806;-18.00000000000007;DD;6.0;3.0;0.5;0.13705275229357744;-3.0;-0.8223165137614646;744;0.0009000924733874485;94.76552708707729
25;-4.5;-3.0;0.0;1.5;0.0;0.0;0.0;0.0;0.0;0.0;0.0;0.0;7;8;10;11;90.0545690166147;0.0100012470433368;-18.00000000000007;DD;6.0;3.0;0.5;0.13705275229357744;-1.5;-0.8223165137614646;622;0.0008562099864902951;90.71497638219589
26;-3.0;-1.5;1.5;3.0;0.0;0.0;0.0;0.0;0.0;0.0;0.0;0.0;8;9;11;12;80.0524380642054;0.0100014028546858;-18.00000000000007;DD;6.0;3.0;0.5;0.13705275229357744;0.0;-0.8223165137614646;745;0.0007244947219166558;80.06629355418062
27;-1.5;0.0;3.0;4.5;0.0;0.0;0.0;0.0;0.0;0.0;0.0;0.0;9;10;12;13;68.7573797644625;0.0100016333071433;-18.00000000000007;DD;6.0;3.0;0.5;0.13705275229357744;1.5;-0.8223165137614646;747;0.0004756428523467383;67.84367618145546
28;0.0;1.5;4.5;6.0;0.0;0.0;0.0;0.0;0.0;0.0;0.0;0.0;10;11;13;14;65.8613021938473;0.0100017051274431;-18.00000000000007;DD;6.0;3.0;0.5;0.13705275229357744;3.0;-0.8223165137614646;612;0.00039506523230200386;64.86947281298319
29;1.5;3.0;6.0;7.5;0.0;0.0;0.0;0.0;0.0;0.0;0.0;0.0;11;12;14;15;70.2547422805221;0.0100015984959683;-18.00000000000007;DD;6.0;3.0;0.5;0.13705275229357744;4.5;-0.8223165137614646;754;0.0004375313706161022;69.34388855905453
30;3.0;4.5;7.5;9.0;0.0;0.0;0.0;0.0;0.0;0.0;0.0;0.0;12;13;15;16;76.4109371520274;0.0100014697101844;-18.00000000000007;DD;6.0;3.0;0.5;0.13705275229357744;6.0;-0.8223165137614646;752;0.000575689353619173;75.8675650581473
31;4.5;6.0;9.0;10.5;0.0;0.0;0.0;0.0;0.0;0.0;0.0;0.0;13;14;16;17;81.6476819886124;0.0100013754455399;-18.00000000000007;DD;6.0;3.0;0.5;0.13705275229357744;7.5;-0.8223165137614646;624;0.0006389117263765965;81.26611812060042
32;6.0;7.5;10.5;12.0;0.0;0.0;0.0;0.0;0.0;0.0;0.0;0.0;14;15;17;18;85.365124332376;0.010001315548307;-18.00000000000007;DD;6.0;3.0;0.5;0.13705275229357744;9.0;-0.8223165137614646;625;0.0007323229974443538;85.47603987036965
33;7.5;9.0;12.0;13.5;0.0;0.0;0.0;0.0;0.0;0.0;0.0;0.0;15;16;18;19;86.439296514538;0.0100012992001396;-18.00000000000007;DD;6.0;3.0;0.5;0.13705275229357744;10.5;-0.8223165137614646;1098;0.0007670724570251083;86.69081943492915
34;9.0;10.5;13.5;15.0;0.0;0.0;0.0;0.0;0.0;0.0;0.0;0.0;16;17;19;20;86.1264818719915;0.0100013039188793;-18.00000000000007;DD;6.0;3.0;0.5;0.13705275229357744;12.0;-0.8223165137614646;695;0.0007517624107996529;86.33905231072266
35;-15.0;-13.5;-9.0;-7.5;0.0;0.0;0.0;0.0;0.0;0.0;0.0;0.0;0;1;4;5;80.0382147597772;0.0100035077547265;-44.999999999999936;DD;7.5;4.5;0.6;0.15121013543031844;-11.25;-1.1340760157273884;2016;8.364642248699595e-05;80.1310058693491
36;-13.5;-12.0;-7.5;-6.0;0.0;0.0;0.0;0.0;0.0;0.0;0.0;0.0;1;2;5;6;83.3118646724555;0.0100033699216148;-44.999999999999936;DD;7.5;4.5;0.6;0.15121013543031844;-9.75;-1.1340760157273884;1041;8.698735029184925e-05;83.50553351956009
37;-12.0;-10.5;-6.0;-4.5;0.0;0.0;0.0;0.0;0.0;0.0;0.0;0.0;2;3;6;7;89.1082490664383;0.0100031507127573;-44.999999999999936;DD;7.5;4.5;0.6;0.15121013543031844;-8.25;-1.1340760157273884;881;9.435347059695971e-05;89.35131947255708
38;-10.5;-9.0;-4.5;-3.0;0.0;0.0;0.0;0.0;0.0;0.0;0.0;0.0;3;4;7;8;95.8067682220082;0.010002930424918;-44.999999999999936;DD;7.5;4.5;0.6;0.15121013543031844;-6.75;-1.1340760157273884;1120;0.00011923923650763096;96.12147573241894
39;-9.0;-7.5;-3.0;-1.5;0.0;0.0;0.0;0.0;0.0;0.0;0.0;0.0;4;5;8;9;100.284575909615;0.0100027995787426;-44.999999999999936;DD;7.5;4.5;0.6;0.15121013543031844;-5.25;-1.1340760157273884;743;0.00012259728179132756;100.63341482824619
40;-7.5;-6.0;-1.5;0.0;0.0;0.0;0.0;0.0;0.0;0.0;0.0;0.0;5;6;9;10;99.7414120364451;0.0100028148244362;-44.999999999999936;DD;7.5;4.5;0.6;0.15121013543031844;-3.75;-1.1340760157273884;821;0.00011417017532958521;99.9874520802571
41;-6.0;-4.5;0.0;1.5;0.0;0.0;0.0;0.0;0.0;0.0;0.0;0.0;6;7;10;11;93.46126119232;0.0100030039668062;-44.999999999999936;DD;7.5;4.5;0.6;0.15121013543031844;-2.25;-1.1340760157273884;746;0.00015932970012708797;93.73326888765583
42;-4.5;-3.0;1.5;3.0;0.0;0.0;0.0;0.0;0.0;0.0;0.0;0.0;7;8;11;12;76.7838646873663;0.0100036564244026;-44.999999999999936;DD;7.5;4.5;0.6;0.15121013543031844;-0.75;-1.1340760157273884;823;7.657602642721607e-05;76.80965409677984
43;-3.0;-1.5;3.0;4.5;0.0;0.0;0.0;0.0;0.0;0.0;0.0;0.0;8;9;12;13;60.6010275930723;0.0100046328290722;-44.999999999999936;DD;7.5;4.5;0.6;0.15121013543031844;0.75;-1.1340760157273884;768;9.01701139085033e-05;60.56583617099745
44;-1.5;0.0;4.5;6.0;0.0;0.0;0.0;0.0;0.0;0.0;0.0;0.0;9;10;13;14;54.6190520879903;0.0100051402228861;-44.999999999999936;DD;7.5;4.5;0.6;0.15121013543031844;2.25;-1.1340760157273884;831;5.0985647156499776e-05;54.64160902299041
45;0.0;1.5;6.0;7.5;0.0;0.0;0.0;0.0;0.0;0.0;0.0;0.0;10;11;14;15;53.2243957421606;0.0100052749133337;-44.999999999999936;DD;7.5;4.5;0.6;0.15121013543031844;3.75;-1.1340760157273884;769;1.1336469075974055e-05;53.189306149749534
46;1.5;3.0;7.5;9.0;0.0;0.0;0.0;0.0;0.0;0.0;0.0;0.0;11;12;15;16;57.9077966503818;0.010004848296358;-44.999999999999936;DD;7.5;4.5;0.6;0.15121013543031844;5.25;-1.1340760157273884;809;2.5737694243010316e-05;57.79470594025494
47;3.0;4.5;9.0;10.5;0.0;0.0;0.0;0.0;0.0;0.0;0.0;0.0;12;13;16;17;66.9441906282206;0.0100041938559131;-44.999999999999936;DD;7.5;4.5;0.6;0.15121013543031844;6.75;-1.1340760157273884;990;5.753275671843027e-05;67.05371618773013
48;4.5;6.0;10.5;12.0;0.0;0.0;0.0;0.0;0.0;0.0;0.0;0.0;13;14;17;18;74.5814785137736;0.0100037643980878;-44.999999999999936;DD;7.5;4.5;0.6;0.15121013543031844;8.25;-1.1340760157273884;812;6.563014089085888e-05;74.65845572216739
49;6.0;7.5;12.0;13.5;0.0;0.0;0.0;0.0;0.0;0.0;0.0;0.0;14;15;18;19;80.1953500522037;0.0100035008816261;-44.999999999999936;DD;7.5;4.5;0.6;0.15121013543031844;9.75;-1.1340760157273884;791;8.06238527463889e-05;80.20424180417494
50;7.5;9.0;13.5;15.0;0.0;0.0;0.0;0.0;0.0;0.0;0.0;0.0;15;16;19;20;82.3149176695203;0.0100034107359075;-44.999999999999936;DD;7.5;4.5;0.6;0.15121013543031844;11.25;-1.1340760157273884;86;9.477101589520391e-05;82.23155588493317
51;-15.0;-13.5;-7.5;-6.0;0.0;0.0;0.0;0.0;0.0;0.0;0.0;0.0;0;1;5;6;80.7614324936623;0.010006952668682;-90.00000000000004;DD;9.0;6.0;0.6666666666666666;0.15928957062494237;-10.5;-1.4336061356244814;1421;4.375119216886816e-05;80.43191209111741
52;-13.5;-12.0;-6.0;-4.5;0.0;0.0;0.0;0.0;0.0;0.0;0.0;0.0;1;2;6;7;86.5774725489358;0.0100064856093808;-90.00000000000004;DD;9.0;6.0;0.6666666666666666;0.15928957062494237;-9.0;-1.4336061356244814;1467;3.388338573846026e-05;86.2568610166961
53;-12.0;-10.5;-4.5;-3.0;0.0;0.0;0.0;0.0;0.0;0.0;0.0;0.0;2;3;7;8;93.1409684184027;0.0100060285807567;-90.00000000000004;DD;9.0;6.0;0.6666666666666666;0.15928957062494237;-7.5;-1.4336061356244814;857;2.8964184814392362e-05;92.84344398861734
54;-10.5;-9.0;-3.0;-1.5;0.0;0.0;0.0;0.0;0.0;0.0;0.0;0.0;3;4;8;9;99.3214726810241;0.0100056534401261;-90.00000000000004;DD;9.0;6.0;0.6666666666666666;0.15928957062494237;-6.0;-1.4336061356244814;1065;5.6916676438977675e-05;98.87776193864053
55;-9.0;-7.5;-1.5;0.0;0.0;0.0;0.0;0.0;0.0;0.0;0.0;0.0;4;5;9;10;101.954463830505;0.0100055074396549;-90.00000000000004;DD;9.0;6.0;0.6666666666666666;0.15928957062494237;-4.5;-1.4336061356244814;1089;4.138015458356271e-05;101.50874747909148
56;-7.5;-6.0;0.0;1.5;0.0;0.0;0.0;0.0;0.0;0.0;0.0;0.0;5;6;10;11;96.8075865453369;0.0100058002472812;-90.00000000000004;DD;9.0;6.0;0.6666666666666666;0.15928957062494237;-3.0;-1.4336061356244814;846;3.261659362498908e-05;96.4356854367526
57;-6.0;-4.5;1.5;3.0;0.0;0.0;0.0;0.0;0.0;0.0;0.0;0.0;6;7;11;12;77.7721089344368;0.0100072199067743;-90.00000000000004;DD;9.0;6.0;0.6666666666666666;0.15928957062494237;-1.5;-1.4336061356244814;859;4.242171913432908e-05;77.34540944521468
58;-4.5;-3.0;3.0;4.5;0.0;0.0;0.0;0.0;0.0;0.0;0.0;0.0;7;8;12;13;59.5240867560435;0.0100094332651976;-90.00000000000004;DD;9.0;6.0;0.6666666666666666;0.15928957062494237;0.0;-1.4336061356244814;847;1.4789161437307685e-05;59.499527239946204
59;-3.0;-1.5;4.5;6.0;0.0;0.0;0.0;0.0;0.0;0.0;0.0;0.0;8;9;13;14;52.4706640818127;0.0100107013319081;-90.00000000000004;DD;9.0;6.0;0.6666666666666666;0.15928957062494237;1.5;-1.4336061356244814;878;2.8713031800596927e-05;52.688152059750365
60;-1.5;0.0;6.0;7.5;0.0;0.0;0.0;0.0;0.0;0.0;0.0;0.0;9;10;14;15;50.3687446010961;0.0100111479017127;-90.00000000000004;DD;9.0;6.0;0.6666666666666666;0.15928957062494237;3.0;-1.4336061356244814;848;3.7894092995972265e-07;50.599635132038046
61;0.0;1.5;7.5;9.0;0.0;0.0;0.0;0.0;0.0;0.0;0.0;0.0;10;11;15;16;50.1904979910476;0.0100111874920739;-90.00000000000004;DD;9.0;6.0;0.6666666666666666;0.15928957062494237;4.5;-1.4336061356244814;853;1.0915286998220151e-05;50.537507638346554
62;1.5;3.0;9.0;10.5;0.0;0.0;0.0;0.0;0.0;0.0;0.0;0.0;11;12;16;17;53.4756898442545;0.0100105002118418;-90.00000000000004;DD;9.0;6.0;0.6666666666666666;0.15928957062494237;6.0;-1.4336061356244814;849;7.545648840032358e-06;53.75150427583155
63;3.0;4.5;10.5;12.0;0.0;0.0;0.0;0.0;0.0;0.0;0.0;0.0;12;13;17;18;62.0825077580412;0.0100090445226985;-90.00000000000004;DD;9.0;6.0;0.6666666666666666;0.15928957062494237;7.5;-1.4336061356244814;1031;3.346691821821535e-05;62.16102238994035
64;4.5;6.0;12.0;13.5;0.0;0.0;0.0;0.0;0.0;0.0;0.0;0.0;13;14;18;19;70.0195212760835;0.0100080192930206;-90.00000000000004;DD;9.0;6.0;0.6666666666666666;0.15928957062494237;9.0;-1.4336061356244814;1102;3.781138587803182e-05;70.17199756586686
65;6.0;7.5;13.5;15.0;0.0;0.0;0.0;0.0;0.0;0.0;0.0;0.0;14;15;19;20;76.5567695396058;0.010007334522263;-90.00000000000004;DD;9.0;6.0;0.6666666666666666;0.15928957062494237;10.5;-1.4336061356244814;1099;3.968521745280928e-05;76.1857708708546
66;-15.0;-13.5;-6.0;-4.5;0.0;0.0;0.0;0.0;0.0;0.0;0.0;0.0;0;1;6;7;83.860052414827;0.0100117175550236;-157.4999999999997;DD;10.5;7.5;0.7142857142857143;0.16456593646632953;-9.75;-1.72794233289646;6553;7.557689122630408e-06;83.22422490955368
67;-13.5;-12.0;-4.5;-3.0;0.0;0.0;0.0;0.0;0.0;0.0;0.0;0.0;1;2;7;8;89.3008260723156;0.0100110036526923;-157.4999999999997;DD;10.5;7.5;0.7142857142857143;0.16456593646632953;-8.25;-1.72794233289646;735;7.66438022052891e-06;88.90757498585724
68;-12.0;-10.5;-3.0;-1.5;0.0;0.0;0.0;0.0;0.0;0.0;0.0;0.0;2;3;8;9;94.1752308502335;0.0100104341201257;-157.4999999999997;DD;10.5;7.5;0.7142857142857143;0.16456593646632953;-6.75;-1.72794233289646;1057;1.6113936637206596e-05;93.7609659105619
69;-10.5;-9.0;-1.5;0.0;0.0;0.0;0.0;0.0;0.0;0.0;0.0;0.0;3;4;9;10;97.665554176;0.0100100612333523;-157.4999999999997;DD;10.5;7.5;0.7142857142857143;0.16456593646632953;-5.25;-1.72794233289646;1093;7.640586307169659e-06;97.13953349072935
70;-9.0;-7.5;0.0;1.5;0.0;0.0;0.0;0.0;0.0;0.0;0.0;0.0;4;5;10;11;95.4055798514868;0.0100102995628424;-157.4999999999997;DD;10.5;7.5;0.7142857142857143;0.16456593646632953;-3.75;-1.72794233289646;888;9.086668857148328e-06;94.78816340581736
71;-7.5;-6.0;1.5;3.0;0.0;0.0;0.0;0.0;0.0;0.0;0.0;0.0;5;6;11;12;77.7222395805044;0.0100126428952618;-157.4999999999997;DD;10.5;7.5;0.7142857142857143;0.16456593646632953;-2.25;-1.72794233289646;901;1.0575719372910327e-05;77.19253669926405
72;-6.0;-4.5;3.0;4.5;0.0;0.0;0.0;0.0;0.0;0.0;0.0;0.0;6;7;12;13;60.5721173792526;0.0100162225077491;-157.4999999999997;DD;10.5;7.5;0.7142857142857143;0.16456593646632953;-0.75;-1.72794233289646;889;5.659628398715687e-06;60.37038612627054
73;-4.5;-3.0;4.5;6.0;0.0;0.0;0.0;0.0;0.0;0.0;0.0;0.0;7;8;13;14;54.3620090915906;0.0100180756813519;-157.4999999999997;DD;10.5;7.5;0.7142857142857143;0.16456593646632953;0.75;-1.72794233289646;932;5.647739863372433e-06;54.292493811553854
74;-3.0;-1.5;6.0;7.5;0.0;0.0;0.0;0.0;0.0;0.0;0.0;0.0;8;9;14;15;52.7713590108414;0.0100186205167589;-157.4999999999997;DD;10.5;7.5;0.7142857142857143;0.16456593646632953;2.25;-1.72794233289646;890;9.03706039572627e-06;52.82652915425279
75;-1.5;0.0;7.5;9.0;0.0;0.0;0.0;0.0;0.0;0.0;0.0;0.0;9;10;15;16;53.3346709428523;0.0100184238525209;-157.4999999999997;DD;10.5;7.5;0.7142857142857143;0.16456593646632953;3.75;-1.72794233289646;895;6.973991064199961e-06;53.28888545243597
76;0.0;1.5;9.0;10.5;0.0;0.0;0.0;0.0;0.0;0.0;0.0;0.0;10;11;16;17;51.7491714747543;0.0100189883178977;-157.4999999999997;DD;10.5;7.5;0.7142857142857143;0.16456593646632953;5.25;-1.72794233289646;5478;7.9870798948004e-06;51.85712283268899
77;1.5;3.0;10.5;12.0;0.0;0.0;0.0;0.0;0.0;0.0;0.0;0.0;11;12;17;18;51.6418823123525;0.0100190277667555;-157.4999999999997;DD;10.5;7.5;0.7142857142857143;0.16456593646632953;6.75;-1.72794233289646;1023;9.169863461577859e-06;51.74299306786288
78;3.0;4.5;12.0;13.5;0.0;0.0;0.0;0.0;0.0;0.0;0.0;0.0;12;13;18;19;58.869427773219;0.010016691708315;-157.4999999999997;DD;10.5;7.5;0.7142857142857143;0.16456593646632953;8.25;-1.72794233289646;923;8.49362410163491e-06;58.726473390120624
79;4.5;6.0;13.5;15.0;0.0;0.0;0.0;0.0;0.0;0.0;0.0;0.0;13;14;19;20;66.5652803526636;0.010014761939779;-157.4999999999997;DD;10.5;7.5;0.7142857142857143;0.16456593646632953;9.75;-1.72794233289646;762;8.136633576100036e-06;66.63863710836574
80;-15.0;-13.5;-4.5;-3.0;0.0;0.0;0.0;0.0;0.0;0.0;0.0;0.0;0;1;7;8;85.5633124350912;0.0100183747939228;-252.00000000000065;DD;12.0;9.0;0.75;0.16831811107470518;-9.0;-2.019817332896462;1050;3.929796375131756e-06;85.23612128983778
81;-13.5;-12.0;-3.0;-1.5;0.0;0.0;0.0;0.0;0.0;0.0;0.0;0.0;1;2;8;9;88.8260868770303;0.0100176998564284;-252.00000000000065;DD;12.0;9.0;0.75;0.16831811107470518;-7.5;-2.019817332896462;1426;2.8543965264667385e-06;88.69637341520404
82;-12.0;-10.5;-1.5;0.0;0.0;0.0;0.0;0.0;0.0;0.0;0.0;0.0;2;3;9;10;90.5688844492053;0.0100173592660835;-252.00000000000065;DD;12.0;9.0;0.75;0.16831811107470518;-6.0;-2.019817332896462;1061;1.7140269867043268e-06;90.51997991717366
83;-10.5;-9.0;0.0;1.5;0.0;0.0;0.0;0.0;0.0;0.0;0.0;0.0;3;4;10;11;88.7590245692556;0.0100177132294723;-252.00000000000065;DD;12.0;9.0;0.75;0.16831811107470518;-4.5;-2.019817332896462;921;1.953260958618946e-06;88.39067508422201
84;-9.0;-7.5;1.5;3.0;0.0;0.0;0.0;0.0;0.0;0.0;0.0;0.0;4;5;11;12;74.2984430691299;0.0100211606739872;-252.00000000000065;DD;12.0;9.0;0.75;0.16831811107470518;-3.0;-2.019817332896462;1066;2.6120204466597933e-06;73.93853562447175
85;-7.5;-6.0;3.0;4.5;0.0;0.0;0.0;0.0;0.0;0.0;0.0;0.0;5;6;12;13;60.3032651428912;0.0100260715511846;-252.00000000000065;DD;12.0;9.0;0.75;0.16831811107470518;-1.5;-2.019817332896462;6544;2.144941740260227e-06;60.10070585686975
86;-6.0;-4.5;4.5;6.0;0.0;0.0;0.0;0.0;0.0;0.0;0.0;0.0;6;7;13;14;56.4426112106983;0.010027854800559;-252.00000000000065;DD;12.0;9.0;0.75;0.16831811107470518;0.0;-2.019817332896462;1012;3.2577053178561655e-06;56.23284355987987
87;-4.5;-3.0;6.0;7.5;0.0;0.0;0.0;0.0;0.0;0.0;0.0;0.0;7;8;14;15;56.7186554862067;0.010027719236568;-252.00000000000065;DD;12.0;9.0;0.75;0.16831811107470518;1.5;-2.019817332896462;6547;4.377267583340253e-06;56.49676836240232
88;-3.0;-1.5;7.5;9.0;0.0;0.0;0.0;0.0;0.0;0.0;0.0;0.0;8;9;15;16;58.4624634877557;0.0100268924478373;-252.00000000000065;DD;12.0;9.0;0.75;0.16831811107470518;3.0;-2.019817332896462;1032;5.49677218224327e-06;58.13436850822497
89;-1.5;0.0;9.0;10.5;0.0;0.0;0.0;0.0;0.0;0.0;0.0;0.0;9;10;16;17;57.8110106835983;0.0100271954839363;-252.00000000000065;DD;12.0;9.0;0.75;0.16831811107470518;4.5;-2.019817332896462;913;6.447474215747949e-06;57.37243612400629
90;0.0;1.5;10.5;12.0;0.0;0.0;0.0;0.0;0.0;0.0;0.0;0.0;10;11;17;18;52.8417099802385;0.0100297529274793;-252.00000000000065;DD;12.0;9.0;0.75;0.16831811107470518;6.0;-2.019817332896462;1018;4.060484808857249e-06;52.684299349006615
91;1.5;3.0;12.0;13.5;0.0;0.0;0.0;0.0;0.0;0.0;0.0;0.0;11;12;18;19;50.1020471355564;0.010031379830634;-252.00000000000065;DD;12.0;9.0;0.75;0.16831811107470518;7.5;-2.019817332896462;1030;1.8660564263229634e-06;50.093956105187715
92;3.0;4.5;13.5;15.0;0.0;0.0;0.0;0.0;0.0;0.0;0.0;0.0;12;13;19;20;56.1744339363658;0.0100279877770024;-252.00000000000065;DD;12.0;9.0;0.75;0.16831811107470518;9.0;-2.019817332896462;987;2.601601340142392e-06;55.93325615118364
93;-15.0;-13.5;-3.0;-1.5;0.0;0.0;0.0;0.0;0.0;0.0;0.0;0.0;0;1;8;9;84.2510835920668;0.0100279912873397;-377.99999999999943;DD;13.5;10.5;0.7777777777777778;0.17114364379211308;-8.25;-2.3104391911935265;617;5.813188404354118e-07;84.35356528644327
94;-13.5;-12.0;-1.5;0.0;0.0;0.0;0.0;0.0;0.0;0.0;0.0;0.0;1;2;9;10;84.3862733656861;0.0100279464452018;-377.99999999999943;DD;13.5;10.5;0.7777777777777778;0.17114364379211308;-6.75;-2.3104391911935265;1059;8.620402833549306e-07;84.72120169777338
95;-12.0;-10.5;0.0;1.5;0.0;0.0;0.0;0.0;0.0;0.0;0.0;0.0;2;3;10;11;80.9201790550989;0.0100291434644954;-377.99999999999943;DD;13.5;10.5;0.7777777777777778;0.17114364379211308;-5.25;-2.3104391911935265;2019;9.828057113576116e-07;81.0234635547981
96;-10.5;-9.0;1.5;3.0;0.0;0.0;0.0;0.0;0.0;0.0;0.0;0.0;3;4;11;12;67.7911994481741;0.0100347874791769;-377.99999999999943;DD;13.5;10.5;0.7777777777777778;0.17114364379211308;-3.75;-2.3104391911935265;2963;1.151090424380687e-06;67.75112363382726
97;-9.0;-7.5;3.0;4.5;0.0;0.0;0.0;0.0;0.0;0.0;0.0;0.0;4;5;12;13;57.5165231065528;0.0100410016884445;-377.99999999999943;DD;13.5;10.5;0.7777777777777778;0.17114364379211308;-2.25;-2.3104391911935265;1071;9.200592760940596e-07;57.417329385165644
98;-7.5;-6.0;4.5;6.0;0.0;0.0;0.0;0.0;0.0;0.0;0.0;0.0;5;6;13;14;56.6492295589198;0.0100416294013324;-377.99999999999943;DD;13.5;10.5;0.7777777777777778;0.17114364379211308;-0.75;-2.3104391911935265;889;1.9872675545561045e-06;56.43608547760419
99;-6.0;-4.5;6.0;7.5;0.0;0.0;0.0;0.0;0.0;0.0;0.0;0.0;6;7;14;15;59.5429799134376;0.0100396062960688;-377.99999999999943;DD;13.5;10.5;0.7777777777777778;0.17114364379211308;0.75;-2.3104391911935265;1017;1.9490483093120437e-06;59.30151987805687
100;-4.5;-3.0;7.5;9.0;0.0;0.0;0.0;0.0;0.0;0.0;0.0;0.0;7;8;15;16;63.5171610332179;0.0100371282499327;-377.99999999999943;DD;13.5;10.5;0.7777777777777778;0.17114364379211308;2.25;-2.3104391911935265;890;4.042622246249206e-06;63.01306234412416
101;-3.0;-1.5;9.0;10.5;0.0;0.0;0.0;0.0;0.0;0.0;0.0;0.0;8;9;16;17;63.8703438658429;0.0100369229478032;-377.99999999999943;DD;13.5;10.5;0.7777777777777778;0.17114364379211308;3.75;-2.3104391911935265;1037;3.2259322637615366e-06;63.29325410561976
102;-1.5;0.0;10.5;12.0;0.0;0.0;0.0;0.0;0.0;0.0;0.0;0.0;9;10;17;18;59.8929363073408;0.010039374881633;-377.99999999999943;DD;13.5;10.5;0.7777777777777778;0.17114364379211308;5.25;-2.3104391911935265;5475;3.765773562672352e-06;59.32805202973718
103;0.0;1.5;12.0;13.5;0.0;0.0;0.0;0.0;0.0;0.0;0.0;0.0;10;11;18;19;52.8094053451767;0.0100446562206481;-377.99999999999943;DD;13.5;10.5;0.7777777777777778;0.17114364379211308;6.75;-2.3104391911935265;1022;1.8001552848768758e-06;52.62911931933574
104;1.5;3.0;13.5;15.0;0.0;0.0;0.0;0.0;0.0;0.0;0.0;0.0;11;12;19;20;48.483703727149;0.0100486402981267;-377.99999999999943;DD;13.5;10.5;0.7777777777777778;0.17114364379211308;8.25;-2.3104391911935265;1077;1.1177239249320728e-06;48.569450813338534
105;-15.0;-13.5;-1.5;0.0;0.0;0.0;0.0;0.0;0.0;0.0;0.0;0.0;0;1;9;10;79.5193665030046;0.0100423665397517;-540.0000000000022;DD;15.0;12.0;0.8;0.17335954565312406;-7.5;-2.600393184796861;1425;2.8674853128797396e-07;80.05762817483154
106;-13.5;-12.0;0.0;1.5;0.0;0.0;0.0;0.0;0.0;0.0;0.0;0.0;1;2;10;11;74.7466794261199;0.0100450716202232;-540.0000000000022;DD;15.0;12.0;0.8;0.17335954565312406;-6.0;-2.600393184796861;1443;-1.3126622290157847e-08;75.09361664985128
107;-12.0;-10.5;1.5;3.0;0.0;0.0;0.0;0.0;0.0;0.0;0.0;0.0;2;3;11;12;61.297015297887;0.0100549607568588;-540.0000000000022;DD;15.0;12.0;0.8;0.17335954565312406;-4.5;-2.600393184796861;939;2.1195402760718798e-07;61.580417694599035
108;-10.5;-9.0;3.0;4.5;0.0;0.0;0.0;0.0;0.0;0.0;0.0;0.0;3;4;12;13;52.7733215180308;0.0100638373533966;-540.0000000000022;DD;15.0;12.0;0.8;0.17335954565312406;-3.0;-2.600393184796861;2951;1.7373758186415316e-07;52.76565393214194
109;-9.0;-7.5;4.5;6.0;0.0;0.0;0.0;0.0;0.0;0.0;0.0;0.0;4;5;13;14;54.3890009363233;0.0100619410844452;-540.0000000000022;DD;15.0;12.0;0.8;0.17335954565312406;-1.5;-2.600393184796861;2981;3.8501033147504743e-07;54.246312466694846
110;-7.5;-6.0;6.0;7.5;0.0;0.0;0.0;0.0;0.0;0.0;0.0;0.0;5;6;14;15;59.9993860050735;0.0100561493665589;-540.0000000000022;DD;15.0;12.0;0.8;0.17335954565312406;0.0;-2.600393184796861;3035;7.463426271253995e-07;59.806757567030374
111;-6.0;-4.5;7.5;9.0;0.0;0.0;0.0;0.0;0.0;0.0;0.0;0.0;6;7;15;16;66.6041012922267;0.0100505815818649;-540.0000000000022;DD;15.0;12.0;0.8;0.17335954565312406;1.5;-2.600393184796861;3041;1.995449423702325e-06;66.19113890926624
112;-4.5;-3.0;9.0;10.5;0.0;0.0;0.0;0.0;0.0;0.0;0.0;0.0;7;8;16;17;69.0268996415005;0.0100488062632859;-540.0000000000022;DD;15.0;12.0;0.8;0.17335954565312406;3.0;-2.600393184796861;6550;3.250691324744173e-06;68.45039775115688
113;-3.0;-1.5;10.5;12.0;0.0;0.0;0.0;0.0;0.0;0.0;0.0;0.0;8;9;17;18;65.9371105488129;0.0100510932243361;-540.0000000000022;DD;15.0;12.0;0.8;0.17335954565312406;4.5;-2.600393184796861;5473;2.640899839157002e-06;65.4031754618888
114;-1.5;0.0;12.0;13.5;0.0;0.0;0.0;0.0;0.0;0.0;0.0;0.0;9;10;18;19;60.115598843182;0.0100560408253748;-540.0000000000022;DD;15.0;12.0;0.8;0.17335954565312406;6.0;-2.600393184796861;902;1.7481017919196479e-06;59.694002309281046
115;0.0;1.5;13.5;15.0;0.0;0.0;0.0;0.0;0.0;0.0;0.0;0.0;10;11;19;20;52.1341446342688;0.0100646199785584;-540.0000000000022;DD;15.0;12.0;0.8;0.17335954565312406;7.5;-2.600393184796861;979;7.896688772195881e-07;52.12325074736272
116;-15.0;-13.5;0.0;1.5;0.0;0.0;0.0;0.0;0.0;0.0;0.0;0.0;0;1;10;11;70.1347595516053;0.0100660477471489;-742.4999999999962;DD;16.5;13.5;0.8181818181818182;0.17515045825607714;-6.75;-2.8899825612252728;1110;1.906509627170004e-07;70.54695800574007
117;-13.5;-12.0;1.5;3.0;0.0;0.0;0.0;0.0;0.0;0.0;0.0;0.0;1;2;11;12;56.5421382437319;0.0100819245773909;-742.4999999999962;DD;16.5;13.5;0.8181818181818182;0.17515045825607714;-5.25;-2.8899825612252728;937;2.1449619567540891e-07;56.945853401389485
118;-12.0;-10.5;3.0;4.5;0.0;0.0;0.0;0.0;0.0;0.0;0.0;0.0;2;3;12;13;48.4036748879404;0.0100956982213833;-742.4999999999962;DD;16.5;13.5;0.8181818181818182;0.17515045825607714;-3.75;-2.8899825612252728;1784;8.77748885141384e-08;48.45167803719055
119;-10.5;-9.0;4.5;6.0;0.0;0.0;0.0;0.0;0.0;0.0;0.0;0.0;3;4;13;14;50.455059466332;0.0100918076087425;-742.4999999999962;DD;16.5;13.5;0.8181818181818182;0.17515045825607714;-2.25;-2.8899825612252728;2965;9.651197492418904e-08;50.34236736264723
120;-9.0;-7.5;6.0;7.5;0.0;0.0;0.0;0.0;0.0;0.0;0.0;0.0;4;5;14;15;57.8014419417594;0.0100801398110463;-742.4999999999962;DD;16.5;13.5;0.8181818181818182;0.17515045825607714;-0.75;-2.8899825612252728;2971;3.1585033939325217e-07;57.70425018451374
121;-7.5;-6.0;7.5;9.0;0.0;0.0;0.0;0.0;0.0;0.0;0.0;0.0;5;6;15;16;66.9124597935464;0.0100692282490539;-742.4999999999962;DD;16.5;13.5;0.8181818181818182;0.17515045825607714;0.75;-2.8899825612252728;1034;8.140279916184981e-07;66.60203442503139
122;-6.0;-4.5;9.0;10.5;0.0;0.0;0.0;0.0;0.0;0.0;0.0;0.0;6;7;16;17;71.8156492418413;0.010064501929388;-742.4999999999962;DD;16.5;13.5;0.8181818181818182;0.17515045825607714;2.25;-2.8899825612252728;6549;1.6535429613745129e-06;71.44096396539432
123;-4.5;-3.0;10.5;12.0;0.0;0.0;0.0;0.0;0.0;0.0;0.0;0.0;7;8;17;18;70.7282728685544;0.0100654935359717;-742.4999999999962;DD;16.5;13.5;0.8181818181818182;0.17515045825607714;3.75;-2.8899825612252728;1035;2.067848973542226e-06;70.30652079842831
124;-3.0;-1.5;12.0;13.5;0.0;0.0;0.0;0.0;0.0;0.0;0.0;0.0;8;9;18;19;65.902727066382;0.0100702888811759;-742.4999999999962;DD;16.5;13.5;0.8181818181818182;0.17515045825607714;5.25;-2.8899825612252728;5943;1.3147566886388425e-06;65.604587588303
125;-1.5;0.0;13.5;15.0;0.0;0.0;0.0;0.0;0.0;0.0;0.0;0.0;9;10;19;20;59.4967069894441;0.0100778564791298;-742.4999999999962;DD;16.5;13.5;0.8181818181818182;0.17515045825607714;6.75;-2.8899825612252728;999;9.363301795932044e-07;59.34072717631169
126;-15.0;-13.5;1.5;3.0;0.0;0.0;0.0;0.0;0.0;0.0;0.0;0.0;0;1;11;12;53.145717035095;0.0101162107644436;-990.0000000000142;DD;18.0;15.0;0.8333333333333334;0.17663180455102032;-6.0;-3.1793724819183655;1443;4.150080464584854e-08;53.53878278222026
127;-13.5;-12.0;3.0;4.5;0.0;0.0;0.0;0.0;0.0;0.0;0.0;0.0;1;2;12;13;45.4491536359652;0.0101358885223927;-990.0000000000142;DD;18.0;15.0;0.8333333333333334;0.17663180455102032;-4.5;-3.1793724819183655;1465;7.274768176463826e-09;45.44503465955374
128;-12.0;-10.5;4.5;6.0;0.0;0.0;0.0;0.0;0.0;0.0;0.0;0.0;2;3;13;14;47.0402336488644;0.0101312926819249;-990.0000000000142;DD;18.0;15.0;0.8333333333333334;0.17663180455102032;-3.0;-3.1793724819183655;2986;3.675573887513048e-08;46.93855814190241
129;-10.5;-9.0;6.0;7.5;0.0;0.0;0.0;0.0;0.0;0.0;0.0;0.0;3;4;14;15;53.9701633171713;0.0101144356768317;-990.0000000000142;DD;18.0;15.0;0.8333333333333334;0.17663180455102032;-1.5;-3.1793724819183655;2967;1.1150195038373493e-07;53.91384726889514
130;-9.0;-7.5;7.5;9.0;0.0;0.0;0.0;0.0;0.0;0.0;0.0;0.0;4;5;15;16;64.3222065213365;0.0100960196027966;-990.0000000000142;DD;18.0;15.0;0.8333333333333334;0.17663180455102032;0.0;-3.1793724819183655;3034;3.6380912555766254e-07;64.15314313915
131;-7.5;-6.0;9.0;10.5;0.0;0.0;0.0;0.0;0.0;0.0;0.0;0.0;5;6;16;17;71.6633981031929;0.0100861839642894;-990.0000000000142;DD;18.0;15.0;0.8333333333333334;0.17663180455102032;1.5;-3.1793724819183655;1026;5.117526297340598e-07;71.43563313667826
132;-6.0;-4.5;10.5;12.0;0.0;0.0;0.0;0.0;0.0;0.0;0.0;0.0;6;7;17;18;73.0536028157953;0.0100845439879527;-990.0000000000142;DD;18.0;15.0;0.8333333333333334;0.17663180455102032;3.0;-3.1793724819183655;5112;1.006962376015398e-06;72.86162826665159
133;-4.5;-3.0;12.0;13.5;0.0;0.0;0.0;0.0;0.0;0.0;0.0;0.0;7;8;18;19;70.2943831200472;0.0100878623316338;-990.0000000000142;DD;18.0;15.0;0.8333333333333334;0.17663180455102032;4.5;-3.1793724819183655;4794;8.685017692328826e-07;70.12870032452491
134;-3.0;-1.5;13.5;15.0;0.0;0.0;0.0;0.0;0.0;0.0;0.0;0.0;8;9;19;20;65.0471097001012;0.010094949605446;-990.0000000000142;DD;18.0;15.0;0.8333333333333334;0.17663180455102032;6.0;-3.1793724819183655;5464;4.7097988649893407e-07;65.03128422022944
135;-15.0;-13.5;3.0;4.5;0.0;0.0;0.0;0.0;0.0;0.0;0.0;0.0;0;1;12;13;43.4696392673528;0.0101846931892837;-1286.9999999999766;DD;19.5;16.5;0.8461538461538461;0.17787980869898332;-5.25;-3.468656269630175;1068;1.3613180904766523e-08;43.35633908173615
136;-13.5;-12.0;4.5;6.0;0.0;0.0;0.0;0.0;0.0;0.0;0.0;0.0;1;2;13;14;44.921063104123;0.0101787264077783;-1286.9999999999766;DD;19.5;16.5;0.8461538461538461;0.17787980869898332;-3.75;-3.468656269630175;2029;7.477225688098547e-09;44.76502969451407
137;-12.0;-10.5;6.0;7.5;0.0;0.0;0.0;0.0;0.0;0.0;0.0;0.0;2;3;14;15;50.8297088905165;0.0101579528693339;-1286.9999999999766;DD;19.5;16.5;0.8461538461538461;0.17787980869898332;-2.25;-3.468656269630175;1740;5.2641458479005994e-08;50.819241385706725
138;-10.5;-9.0;7.5;9.0;0.0;0.0;0.0;0.0;0.0;0.0;0.0;0.0;3;4;15;16;60.0944752743618;0.01013360357649;-1286.9999999999766;DD;19.5;16.5;0.8461538461538461;0.17787980869898332;-0.75;-3.468656269630175;2982;1.0065391047202906e-07;60.01081422711731
139;-9.0;-7.5;9.0;10.5;0.0;0.0;0.0;0.0;0.0;0.0;0.0;0.0;4;5;16;17;68.5505622674767;0.0101171242111649;-1286.9999999999766;DD;19.5;16.5;0.8461538461538461;0.17787980869898332;0.75;-3.468656269630175;3040;1.7963182463732556e-07;68.49793465118539
140;-7.5;-6.0;10.5;12.0;0.0;0.0;0.0;0.0;0.0;0.0;0.0;0.0;5;6;17;18;72.4839173622719;0.0101107689396575;-1286.9999999999766;DD;19.5;16.5;0.8461538461538461;0.17787980869898332;2.25;-3.468656269630175;3943;2.6689484869412136e-07;72.4163026802693
141;-6.0;-4.5;12.0;13.5;0.0;0.0;0.0;0.0;0.0;0.0;0.0;0.0;6;7;18;19;72.2431581906478;0.01011113806166;-1286.9999999999766;DD;19.5;16.5;0.8461538461538461;0.17787980869898332;3.75;-3.468656269630175;5470;5.978570714623475e-07;72.25538492738491
142;-4.5;-3.0;13.5;15.0;0.0;0.0;0.0;0.0;0.0;0.0;0.0;0.0;7;8;19;20;69.1331022720575;0.0101161373622495;-1286.9999999999766;DD;19.5;16.5;0.8461538461538461;0.17787980869898332;5.25;-3.468656269630175;4778;3.887347166878131e-07;69.21568477140276
143;-15.0;-13.5;4.5;6.0;0.0;0.0;0.0;0.0;0.0;0.0;0.0;0.0;0;1;13;14;43.6042142679225;0.0102343303461739;-1638.000000000022;DD;21.0;18.0;0.8571428571428571;0.1789470493308735;-4.5;-3.7578880359483433;1464;1.580184642386423e-08;43.374133583331634
144;-13.5;-12.0;6.0;7.5;0.0;0.0;0.0;0.0;0.0;0.0;0.0;0.0;1;2;14;15;49.0274264446597;0.0102084135131666;-1638.000000000022;DD;21.0;18.0;0.8571428571428571;0.1789470493308735;-3.0;-3.7578880359483433;2984;2.717622216218602e-08;49.01247343963525
145;-12.0;-10.5;7.5;9.0;0.0;0.0;0.0;0.0;0.0;0.0;0.0;0.0;2;3;15;16;56.7970247465193;0.0101799070380318;-1638.000000000022;DD;21.0;18.0;0.8571428571428571;0.1789470493308735;-1.5;-3.7578880359483433;2972;3.1605741769017837e-08;56.82824565220344
146;-10.5;-9.0;9.0;10.5;0.0;0.0;0.0;0.0;0.0;0.0;0.0;0.0;3;4;16;17;63.9075831541925;0.0101598922825069;-1638.000000000022;DD;21.0;18.0;0.8571428571428571;0.1789470493308735;0.0;-3.7578880359483433;3023;8.458420429394085e-08;63.96784403854657
147;-9.0;-7.5;10.5;12.0;0.0;0.0;0.0;0.0;0.0;0.0;0.0;0.0;4;5;17;18;69.0604190336451;0.0101479634183145;-1638.000000000022;DD;21.0;18.0;0.8571428571428571;0.1789470493308735;1.5;-3.7578880359483433;3927;1.95768492520237e-07;69.1507173452483
148;-7.5;-6.0;12.0;13.5;0.0;0.0;0.0;0.0;0.0;0.0;0.0;0.0;5;6;18;19;71.4128747642975;0.0101430897576293;-1638.000000000022;DD;21.0;18.0;0.8571428571428571;0.1789470493308735;3.0;-3.7578880359483433;3942;2.2227580644535307e-07;71.46790205210684
149;-6.0;-4.5;13.5;15.0;0.0;0.0;0.0;0.0;0.0;0.0;0.0;0.0;6;7;19;20;70.8248795546882;0.0101442775816843;-1638.000000000022;DD;21.0;18.0;0.8571428571428571;0.1789470493308735;4.5;-3.7578880359483433;4792;2.4200860601847385e-07;71.00733728377357
150;-15.0;-13.5;6.0;7.5;0.0;0.0;0.0;0.0;0.0;0.0;0.0;0.0;0;1;14;15;47.9866896461015;0.0102661561042522;-2047.4999999999677;DD;22.5;19.5;0.8666666666666667;0.17987109579362484;-3.75;-4.047099655356559;3120;1.4967204535552678e-08;47.96565008535119
151;-13.5;-12.0;7.5;9.0;0.0;0.0;0.0;0.0;0.0;0.0;0.0;0.0;1;2;15;16;54.9879596442521;0.0102322737007861;-2047.4999999999677;DD;22.5;19.5;0.8666666666666667;0.17987109579362484;-2.25;-4.047099655356559;2991;1.864230404779326e-08;55.080598720215136
152;-12.0;-10.5;9.0;10.5;0.0;0.0;0.0;0.0;0.0;0.0;0.0;0.0;2;3;16;17;60.4258197746543;0.0102113739788669;-2047.4999999999677;DD;22.5;19.5;0.8666666666666667;0.17987109579362484;-0.75;-4.047099655356559;3030;4.2464604802617024e-08;60.6504809227328
153;-10.5;-9.0;10.5;12.0;0.0;0.0;0.0;0.0;0.0;0.0;0.0;0.0;3;4;17;18;64.2925820850586;0.010198663057629;-2047.4999999999677;DD;22.5;19.5;0.8666666666666667;0.17987109579362484;0.75;-4.047099655356559;3926;8.233326666789354e-08;64.47921871156106
154;-9.0;-7.5;12.0;13.5;0.0;0.0;0.0;0.0;0.0;0.0;0.0;0.0;4;5;18;19;67.88316979024;0.0101881564462317;-2047.4999999999677;DD;22.5;19.5;0.8666666666666667;0.17987109579362484;2.25;-4.047099655356559;3938;8.210885474731722e-08;68.03202331471672
155;-7.5;-6.0;13.5;15.0;0.0;0.0;0.0;0.0;0.0;0.0;0.0;0.0;5;6;19;20;69.8528069472192;0.0101828516924902;-2047.4999999999677;DD;22.5;19.5;0.8666666666666667;0.17987109579362484;3.75;-4.047099655356559;5099;1.3138075841161354e-07;69.99191428914956
156;-15.0;-13.5;7.5;9.0;0.0;0.0;0.0;0.0;0.0;0.0;0.0;0.0;0;1;15;16;53.9777417002456;0.010291213453012;-2520.0000000000864;DD;24.0;21.0;0.875;0.18067958340159568;-3.0;-4.336310001638296;3123;1.7015175862319877e-08;54.13774976694407
157;-13.5;-12.0;9.0;10.5;0.0;0.0;0.0;0.0;0.0;0.0;0.0;0.0;1;2;16;17;58.5512843946324;0.0102684705882718;-2520.0000000000864;DD;24.0;21.0;0.875;0.18067958340159568;-1.5;-4.336310001638296;2992;2.3419275515268986e-08;58.88779990473522
158;-12.0;-10.5;10.5;12.0;0.0;0.0;0.0;0.0;0.0;0.0;0.0;0.0;2;3;17;18;60.8355862786169;0.0102583916905479;-2520.0000000000864;DD;24.0;21.0;0.875;0.18067958340159568;0.0;-4.336310001638296;3032;3.931608176437416e-08;61.1958043549766
159;-10.5;-9.0;12.0;13.5;0.0;0.0;0.0;0.0;0.0;0.0;0.0;0.0;3;4;18;19;63.1925496082331;0.0102487558638922;-2520.0000000000864;DD;24.0;21.0;0.875;0.18067958340159568;1.5;-4.336310001638296;3892;6.441552254509127e-08;63.38373566272926
160;-9.0;-7.5;13.5;15.0;0.0;0.0;0.0;0.0;0.0;0.0;0.0;0.0;4;5;19;20;66.3219008015563;0.0102370204674675;-2520.0000000000864;DD;24.0;21.0;0.875;0.18067958340159568;3.0;-4.336310001638296;5097;4.069045111671423e-08;66.4975556036132
161;-15.0;-13.5;9.0;10.5;0.0;0.0;0.0;0.0;0.0;0.0;0.0;0.0;0;1;16;17;57.5059249484429;0.0103319112078245;-3059.999999999867;DD;25.5;22.5;0.8823529411764706;0.18139333978726685;-2.25;-4.625530164575305;2995;1.50333527770472e-08;57.96441687347576
162;-13.5;-12.0;10.5;12.0;0.0;0.0;0.0;0.0;0.0;0.0;0.0;0.0;1;2;17;18;59.0122811347811;0.0103234407340188;-3059.999999999867;DD;25.5;22.5;0.8823529411764706;0.18139333978726685;-0.75;-4.625530164575305;3906;2.103433146082691e-08;59.50364711914944
163;-12.0;-10.5;12.0;13.5;0.0;0.0;0.0;0.0;0.0;0.0;0.0;0.0;2;3;18;19;59.8966231740243;0.0103186663798979;-3059.999999999867;DD;25.5;22.5;0.8823529411764706;0.18139333978726685;0.75;-4.625530164575305;3904;2.554880952017546e-08;60.236576379268236
164;-10.5;-9.0;13.5;15.0;0.0;0.0;0.0;0.0;0.0;0.0;0.0;0.0;3;4;19;20;61.7841359515657;0.0103089332135522;-3059.999999999867;DD;25.5;22.5;0.8823529411764706;0.18139333978726685;2.25;-4.625530164575305;3937;2.1932144764158907e-08;61.959400508391155
165;-15.0;-13.5;10.5;12.0;0.0;0.0;0.0;0.0;0.0;0.0;0.0;0.0;0;1;17;18;58.002475839282;0.0103948661071211;-3672.000000000121;DD;27.0;24.0;0.8888888888888888;0.18202838848967265;-1.5;-4.9147664892211615;3010;1.303345223859852e-08;58.639765484493054
166;-13.5;-12.0;12.0;13.5;0.0;0.0;0.0;0.0;0.0;0.0;0.0;0.0;1;2;18;19;58.2063559494469;0.0103934833902145;-3672.000000000121;DD;27.0;24.0;0.8888888888888888;0.18202838848967265;0.0;-4.9147664892211615;3905;1.7314422940597306e-08;58.669030457046816
167;-12.0;-10.5;13.5;15.0;0.0;0.0;0.0;0.0;0.0;0.0;0.0;0.0;2;3;19;20;58.6890872992415;0.0103902477925419;-3672.000000000121;DD;27.0;24.0;0.8888888888888888;0.18202838848967265;1.5;-4.9147664892211615;3930;1.3248135338484478e-08;58.99678779378488
168;-15.0;-13.5;12.0;13.5;0.0;0.0;0.0;0.0;0.0;0.0;0.0;0.0;0;1;18;19;57.2874666732362;0.0104747290640126;-4360.499999999906;DD;28.5;25.5;0.8947368421052632;0.1825972769479941;-0.75;-5.204022393017832;3911;1.2271948603789611e-08;57.89526827405269
169;-13.5;-12.0;13.5;15.0;0.0;0.0;0.0;0.0;0.0;0.0;0.0;0.0;1;2;19;20;57.1535159623843;0.0104758413117224;-4360.499999999906;DD;28.5;25.5;0.8947368421052632;0.1825972769479941;0.75;-5.204022393017832;3365;1.038053600887532e-08;57.58177675158925
170;-15.0;-13.5;13.5;15.0;0.0;0.0;0.0;0.0;0.0;0.0;0.0;0.0;0;1;19;20;56.3415164479801;0.0105678443807829;-5130.000000000084;DD;30.0;27.0;0.9;0.18310998252512156;0.0;-5.493299475753647;3861;8.14288897302964e-09;56.91695857686059
